{"type":"FeatureCollection","month":"2026-07","features":[{"type":"Feature","properties":{"kind":"outline"},"geometry":{"type":"Polygon","coordinates":[[[9.13372,37.09972],[9.13317,37.09972],[9.13289,37.10038],[9.13262,37.10038],[9.13262,37.10149],[9.13289,37.10148],[9.1329,37.10391],[9.13345,37.10413],[9.13345,37.10524],[9.13373,37.10524],[9.13373,37.10656],[9.13345,37.10678],[9.13428,37.10744],[9.13676,37.10744],[9.13731,37.10788],[9.13814,37.10788],[9.13897,37.10876],[9.14062,37.10876],[9.14062,37.10898],[9.142,37.10898],[9.14227,37.10809],[9.14283,37.10809],[9.14283,37.10831],[9.14338,37.10831],[9.14393,37.10942],[9.14531,37.10986],[9.14531,37.1103],[9.14586,37.11074],[9.14752,37.11096],[9.14807,37.11052],[9.14834,37.11096],[9.14972,37.11095],[9.14999,37.11007],[9.15137,37.10941],[9.15137,37.10875],[9.15164,37.10875],[9.15164,37.10808],[9.15192,37.10808],[9.15192,37.10654],[9.15274,37.10587],[9.15329,37.10587],[9.15384,37.10521],[9.15494,37.10521],[9.1566,37.10653],[9.15798,37.10653],[9.15881,37.10697],[9.16156,37.10697],[9.16156,37.10719],[9.16266,37.10719],[9.16266,37.10741],[9.16432,37.1074],[9.16432,37.10718],[9.16735,37.1074],[9.16763,37.10806],[9.16873,37.10806],[9.16928,37.10872],[9.17011,37.10872],[9.17066,37.10828],[9.17204,37.10938],[9.17314,37.1096],[9.17314,37.11026],[9.17369,37.11048],[9.17369,37.11136],[9.17397,37.11136],[9.17397,37.11247],[9.1737,37.11269],[9.17453,37.11313],[9.17453,37.11357],[9.17535,37.11423],[9.17618,37.11445],[9.17646,37.11644],[9.17674,37.11666],[9.17977,37.11665],[9.18032,37.11731],[9.18142,37.11731],[9.18198,37.11863],[9.18281,37.11907],[9.18281,37.11974],[9.18364,37.1204],[9.18446,37.12062],[9.18446,37.1204],[9.18557,37.12039],[9.18612,37.12083],[9.18667,37.12083],[9.1875,37.12171],[9.18833,37.12171],[9.18888,37.12215],[9.19026,37.12215],[9.19053,37.12171],[9.19108,37.12171],[9.19163,37.12127],[9.1919,37.11994],[9.19411,37.11972],[9.19411,37.11994],[9.19521,37.11994],[9.19549,37.12038],[9.19852,37.12059],[9.19852,37.12103],[9.19907,37.12103],[9.19962,37.12169],[9.20045,37.12191],[9.20045,37.12258],[9.20293,37.12257],[9.20321,37.12301],[9.20486,37.12301],[9.20515,37.12522],[9.20459,37.12522],[9.2046,37.12765],[9.20626,37.12897],[9.20626,37.12963],[9.20709,37.12985],[9.20709,37.12963],[9.20819,37.1294],[9.20819,37.12896],[9.20929,37.1283],[9.21012,37.12896],[9.21012,37.1305],[9.2104,37.1305],[9.21068,37.13227],[9.21123,37.13227],[9.21233,37.13315],[9.21316,37.13315],[9.21316,37.13359],[9.21482,37.13381],[9.21509,37.13469],[9.21537,37.13469],[9.21482,37.13513],[9.21482,37.13557],[9.2151,37.13557],[9.2151,37.13645],[9.21565,37.13689],[9.21565,37.13734],[9.21593,37.13734],[9.21565,37.13756],[9.21566,37.13866],[9.21593,37.13866],[9.21594,37.13954],[9.21621,37.13976],[9.21594,37.13976],[9.21594,37.14153],[9.21511,37.14153],[9.21429,37.14219],[9.21429,37.14352],[9.2154,37.14374],[9.21705,37.14506],[9.21816,37.14506],[9.21816,37.1466],[9.21844,37.1466],[9.21844,37.14704],[9.21927,37.14704],[9.21954,37.1477],[9.22037,37.1477],[9.22065,37.14836],[9.22148,37.14902],[9.22451,37.14968],[9.22451,37.15012],[9.22589,37.15012],[9.22589,37.1499],[9.22699,37.14967],[9.22892,37.14812],[9.23002,37.14812],[9.23085,37.149],[9.23223,37.149],[9.2336,37.14812],[9.2336,37.14745],[9.23443,37.14701],[9.23498,37.14569],[9.23608,37.1448],[9.23663,37.1448],[9.2369,37.14436],[9.238,37.14436],[9.23911,37.14524],[9.24104,37.14545],[9.24132,37.14589],[9.24352,37.14589],[9.24408,37.14655],[9.24463,37.14655],[9.24546,37.14721],[9.24628,37.14721],[9.24684,37.14765],[9.24684,37.14809],[9.24766,37.14809],[9.24794,37.14853],[9.24987,37.1483],[9.25014,37.14786],[9.25235,37.14808],[9.25263,37.14852],[9.25373,37.14874],[9.25401,37.1494],[9.25539,37.14939],[9.25539,37.14962],[9.25622,37.14961],[9.25649,37.15005],[9.25815,37.15049],[9.26064,37.15247],[9.26339,37.15269],[9.26367,37.15313],[9.26422,37.15313],[9.2645,37.15379],[9.26505,37.15379],[9.26561,37.15423],[9.26561,37.15467],[9.26643,37.15467],[9.26643,37.15445],[9.26864,37.15466],[9.26947,37.15532],[9.27112,37.15532],[9.27305,37.15421],[9.27332,37.15333],[9.27415,37.15333],[9.2747,37.15266],[9.2758,37.15266],[9.27746,37.15354],[9.27774,37.15442],[9.27994,37.15442],[9.28022,37.1553],[9.28105,37.1553],[9.28105,37.15552],[9.28353,37.15529],[9.28353,37.15551],[9.28464,37.15551],[9.28491,37.15617],[9.28657,37.15639],[9.28657,37.15683],[9.2874,37.15705],[9.2885,37.15793],[9.28851,37.15837],[9.28906,37.15837],[9.28933,37.15881],[9.29126,37.15836],[9.29154,37.15902],[9.29182,37.15902],[9.29182,37.1599],[9.29237,37.1599],[9.29265,37.16034],[9.29375,37.16034],[9.29403,37.16122],[9.29458,37.16122],[9.29541,37.16188],[9.29569,37.16276],[9.29652,37.1632],[9.2968,37.16386],[9.2979,37.16386],[9.29818,37.1643],[9.29928,37.16452],[9.29956,37.16496],[9.30177,37.16518],[9.30205,37.16584],[9.30398,37.16649],[9.30426,37.16693],[9.30481,37.16693],[9.30785,37.16935],[9.31006,37.16957],[9.31034,37.17001],[9.31282,37.17022],[9.31337,37.17066],[9.31889,37.17087],[9.31889,37.16999],[9.31943,37.16954],[9.31943,37.16844],[9.32053,37.168],[9.32053,37.16711],[9.32108,37.16667],[9.32218,37.16667],[9.32356,37.16732],[9.32466,37.1671],[9.32494,37.16644],[9.32604,37.16555],[9.32714,37.16533],[9.32714,37.16467],[9.32768,37.16422],[9.32906,37.164],[9.32934,37.16356],[9.33016,37.16355],[9.33016,37.16333],[9.33237,37.16377],[9.33403,37.16509],[9.33404,37.16641],[9.33541,37.16597],[9.33596,37.16552],[9.33596,37.16508],[9.33706,37.1642],[9.33954,37.16441],[9.33982,37.16507],[9.34037,37.16507],[9.34037,37.16529],[9.34313,37.1655],[9.34313,37.16572],[9.34562,37.16572],[9.34617,37.16616],[9.34755,37.16615],[9.34892,37.16549],[9.35058,37.16526],[9.35058,37.16504],[9.35195,37.16504],[9.35196,37.16548],[9.35251,37.16592],[9.35334,37.16614],[9.35361,37.16525],[9.35333,37.16525],[9.35333,37.16415],[9.35305,37.16415],[9.35305,37.16261],[9.35442,37.1615],[9.35607,37.16127],[9.35635,37.16193],[9.3569,37.16193],[9.35856,37.16325],[9.36077,37.16347],[9.36215,37.16412],[9.36326,37.16412],[9.36381,37.16478],[9.36547,37.165],[9.36657,37.16565],[9.36823,37.16565],[9.36851,37.16609],[9.36906,37.16609],[9.36905,37.16498],[9.3707,37.16366],[9.3718,37.16365],[9.37317,37.1621],[9.374,37.1621],[9.374,37.16188],[9.37648,37.16187],[9.37648,37.16165],[9.37896,37.16142],[9.37896,37.16186],[9.37979,37.16252],[9.38034,37.16252],[9.38145,37.16362],[9.38366,37.16361],[9.38366,37.16406],[9.38422,37.1645],[9.38532,37.16471],[9.38559,37.16339],[9.38614,37.16339],[9.38696,37.1625],[9.38751,37.1625],[9.38779,37.16206],[9.38861,37.16205],[9.38861,37.16183],[9.39247,37.1616],[9.39247,37.16138],[9.39357,37.16115],[9.39412,37.16049],[9.39467,37.16049],[9.39495,37.16027],[9.39494,37.15938],[9.39522,37.15938],[9.39577,37.16026],[9.39633,37.16026],[9.39688,37.1607],[9.39688,37.16136],[9.39744,37.1618],[9.40102,37.16223],[9.40324,37.16355],[9.40434,37.16355],[9.40434,37.16377],[9.406,37.16398],[9.406,37.1642],[9.40765,37.16442],[9.40876,37.16508],[9.40794,37.16574],[9.40794,37.16706],[9.40767,37.16707],[9.40767,37.16773],[9.4074,37.16773],[9.4074,37.16839],[9.40657,37.16861],[9.4063,37.1695],[9.40575,37.1695],[9.40465,37.17017],[9.40493,37.17039],[9.40494,37.17171],[9.40466,37.17171],[9.40466,37.17237],[9.40439,37.17237],[9.40439,37.17304],[9.40411,37.17304],[9.40412,37.17392],[9.40384,37.17392],[9.40386,37.17635],[9.40358,37.17635],[9.40358,37.17701],[9.40442,37.17767],[9.40662,37.17788],[9.40663,37.17877],[9.40718,37.17898],[9.40718,37.17965],[9.40829,37.18053],[9.40884,37.18052],[9.40967,37.18118],[9.41078,37.18118],[9.41244,37.18272],[9.41492,37.18249],[9.41492,37.18227],[9.41713,37.18226],[9.41713,37.18204],[9.41878,37.18181],[9.41934,37.18247],[9.42099,37.18269],[9.42099,37.18291],[9.42679,37.18311],[9.42707,37.18377],[9.4279,37.18443],[9.43038,37.1842],[9.43038,37.18442],[9.43176,37.18441],[9.43204,37.18508],[9.43259,37.18529],[9.43259,37.18596],[9.43342,37.18595],[9.43453,37.18705],[9.43784,37.18726],[9.43784,37.18748],[9.44033,37.18791],[9.44061,37.18835],[9.44116,37.18835],[9.44117,37.18946],[9.44172,37.18967],[9.442,37.19078],[9.44366,37.19165],[9.44367,37.19254],[9.44422,37.19275],[9.44422,37.1932],[9.44505,37.19363],[9.44505,37.19408],[9.44589,37.19473],[9.44809,37.19495],[9.44893,37.19583],[9.45141,37.19626],[9.45169,37.19714],[9.45197,37.19714],[9.4517,37.19802],[9.45225,37.19846],[9.45226,37.1989],[9.45253,37.1989],[9.45254,37.19978],[9.45364,37.20044],[9.45392,37.20132],[9.45448,37.20132],[9.45503,37.20176],[9.45503,37.2022],[9.45559,37.2022],[9.45586,37.20264],[9.45669,37.20264],[9.4578,37.20352],[9.45918,37.20351],[9.45946,37.20417],[9.46167,37.20438],[9.46168,37.20681],[9.46251,37.20725],[9.46282,37.21232],[9.46337,37.21276],[9.46367,37.21607],[9.46395,37.21607],[9.46395,37.21651],[9.46478,37.21673],[9.46478,37.21761],[9.46561,37.21783],[9.46562,37.21827],[9.46728,37.21937],[9.46756,37.22069],[9.46591,37.2207],[9.46508,37.22136],[9.46509,37.2218],[9.46426,37.22225],[9.46427,37.22313],[9.46262,37.22424],[9.46262,37.22468],[9.46345,37.2249],[9.46401,37.226],[9.46373,37.226],[9.46373,37.22644],[9.46319,37.22689],[9.46153,37.22734],[9.46127,37.22932],[9.46182,37.22954],[9.46211,37.23086],[9.46404,37.23174],[9.46405,37.23218],[9.4646,37.2324],[9.46488,37.23328],[9.46543,37.2335],[9.46544,37.23416],[9.46571,37.23416],[9.46573,37.23681],[9.46463,37.23748],[9.46464,37.23836],[9.46409,37.2388],[9.46353,37.2388],[9.46353,37.23858],[9.46271,37.23881],[9.46271,37.23925],[9.46299,37.23925],[9.46299,37.24013],[9.46354,37.24035],[9.46355,37.24079],[9.46438,37.24145],[9.46521,37.24211],[9.46659,37.24232],[9.46661,37.24453],[9.46688,37.24475],[9.46633,37.24519],[9.46634,37.24608],[9.46552,37.24674],[9.46635,37.2474],[9.4669,37.2474],[9.46773,37.24828],[9.46912,37.24871],[9.47049,37.24738],[9.47104,37.24738],[9.47186,37.24649],[9.47242,37.24649],[9.47324,37.24561],[9.47379,37.2456],[9.47434,37.24494],[9.47489,37.24494],[9.47544,37.24427],[9.47654,37.24427],[9.47709,37.24383],[9.4782,37.24382],[9.4782,37.24404],[9.48537,37.24379],[9.48729,37.24224],[9.48729,37.24158],[9.49032,37.24134],[9.49308,37.23979],[9.49584,37.24],[9.49639,37.24044],[9.49888,37.24065],[9.49888,37.24087],[9.50026,37.24086],[9.50026,37.24064],[9.50136,37.24064],[9.50273,37.23953],[9.50632,37.23929],[9.50632,37.23907],[9.51018,37.23905],[9.51046,37.23949],[9.5124,37.24015],[9.51296,37.24081],[9.51627,37.24123],[9.51628,37.24212],[9.51683,37.24256],[9.51712,37.24366],[9.51767,37.2441],[9.51905,37.24431],[9.51933,37.24519],[9.52017,37.24585],[9.52017,37.24673],[9.521,37.24695],[9.52101,37.24739],[9.52156,37.24761],[9.52156,37.24827],[9.52046,37.2485],[9.52046,37.24872],[9.51853,37.24873],[9.51771,37.24961],[9.51495,37.24985],[9.51468,37.25051],[9.5144,37.25051],[9.51441,37.25139],[9.51413,37.25139],[9.51414,37.2525],[9.51386,37.2525],[9.51387,37.25316],[9.51359,37.25316],[9.5136,37.25382],[9.51415,37.25426],[9.51418,37.25868],[9.51501,37.25911],[9.51529,37.26],[9.51668,37.26065],[9.51696,37.26153],[9.51752,37.26197],[9.51862,37.26219],[9.51891,37.26417],[9.51919,37.26417],[9.51947,37.26527],[9.52058,37.26527],[9.52224,37.26614],[9.52445,37.26614],[9.52472,37.26569],[9.52583,37.26569],[9.5272,37.26436],[9.5283,37.26435],[9.52941,37.26523],[9.53107,37.26544],[9.53107,37.26566],[9.53135,37.26544],[9.53273,37.26566],[9.53384,37.26653],[9.53881,37.26673],[9.5402,37.26761],[9.54213,37.26782],[9.54297,37.26848],[9.54325,37.26936],[9.54436,37.27002],[9.54436,37.27046],[9.54326,37.27113],[9.54327,37.27311],[9.54273,37.27356],[9.54273,37.274],[9.54356,37.27443],[9.54357,37.2751],[9.54412,37.27509],[9.5444,37.27553],[9.54495,37.27553],[9.54578,37.27619],[9.54552,37.27752],[9.54607,37.27773],[9.54635,37.27839],[9.54746,37.27839],[9.54801,37.27905],[9.54939,37.27926],[9.55077,37.27793],[9.55297,37.27792],[9.55381,37.27836],[9.55795,37.27856],[9.55878,37.279],[9.56072,37.27921],[9.561,37.27965],[9.56182,37.27965],[9.56182,37.27876],[9.56264,37.2781],[9.56319,37.27809],[9.56347,37.27765],[9.5654,37.27786],[9.5654,37.27764],[9.56706,37.27741],[9.56705,37.27719],[9.56954,37.27718],[9.56953,37.27652],[9.57118,37.27541],[9.57118,37.27497],[9.572,37.2743],[9.57311,37.2743],[9.57393,37.27341],[9.57448,37.27341],[9.57448,37.27274],[9.5753,37.27208],[9.57613,37.27207],[9.57695,37.27119],[9.57778,37.27118],[9.57888,37.27052],[9.57971,37.27051],[9.58026,37.27095],[9.58026,37.27051],[9.58081,37.27051],[9.58081,37.27006],[9.58191,37.27006],[9.58191,37.27028],[9.58357,37.27005],[9.58385,37.27049],[9.58495,37.27049],[9.58495,37.27071],[9.58689,37.27048],[9.58689,37.2707],[9.5902,37.27112],[9.59076,37.27156],[9.59076,37.27222],[9.59132,37.27244],[9.59133,37.27332],[9.59244,37.27398],[9.59244,37.27508],[9.59328,37.27552],[9.59328,37.27596],[9.59411,37.27662],[9.59632,37.27683],[9.59688,37.27771],[9.59827,37.27792],[9.59854,37.27726],[9.59964,37.27725],[9.60074,37.27637],[9.601,37.27438],[9.60128,37.27438],[9.60127,37.27371],[9.60155,37.27371],[9.60182,37.27283],[9.60236,37.27238],[9.60402,37.27193],[9.60457,37.27149],[9.60484,37.27061],[9.60539,37.2706],[9.60566,37.26972],[9.60759,37.26971],[9.60759,37.27015],[9.60953,37.27014],[9.61036,37.27102],[9.61423,37.27078],[9.61477,37.26945],[9.61421,37.26945],[9.61282,37.26836],[9.61254,37.26682],[9.61198,37.26682],[9.61143,37.26638],[9.61142,37.2655],[9.61087,37.26528],[9.61086,37.26462],[9.61142,37.26484],[9.61169,37.26439],[9.61224,37.26439],[9.61306,37.2635],[9.61389,37.26328],[9.61388,37.26262],[9.61471,37.26261],[9.61471,37.26217],[9.61526,37.26217],[9.61526,37.26195],[9.61636,37.26194],[9.61801,37.26061],[9.618,37.26017],[9.61883,37.26016],[9.61883,37.2595],[9.61938,37.25906],[9.62076,37.25905],[9.62185,37.25816],[9.6221,37.25485],[9.62348,37.25418],[9.62347,37.25308],[9.62319,37.25286],[9.62374,37.25285],[9.62541,37.25417],[9.62541,37.25461],[9.62625,37.25527],[9.62707,37.25526],[9.62791,37.25592],[9.62819,37.25658],[9.6304,37.25701],[9.63096,37.25767],[9.63372,37.2581],[9.63456,37.25898],[9.63815,37.25918],[9.6387,37.25851],[9.63925,37.25851],[9.63952,37.25785],[9.64062,37.25762],[9.64089,37.25696],[9.64172,37.25629],[9.64254,37.25606],[9.64281,37.25518],[9.64364,37.25473],[9.64363,37.25407],[9.64418,37.25363],[9.6444,37.24789],[9.64357,37.24745],[9.64301,37.24591],[9.64163,37.2457],[9.64162,37.24503],[9.64107,37.24482],[9.64106,37.24393],[9.64161,37.24349],[9.64216,37.24349],[9.64271,37.24282],[9.64408,37.24259],[9.64545,37.24148],[9.64545,37.24082],[9.64739,37.24235],[9.6485,37.24235],[9.64906,37.24301],[9.65403,37.2432],[9.65402,37.24298],[9.65761,37.24296],[9.65761,37.24318],[9.65844,37.24318],[9.65872,37.24362],[9.659,37.24361],[9.65899,37.24207],[9.65926,37.24207],[9.65926,37.24141],[9.65981,37.24118],[9.6598,37.24074],[9.66063,37.24074],[9.6609,37.24029],[9.66201,37.24029],[9.66283,37.23984],[9.66393,37.23984],[9.66532,37.24093],[9.66643,37.24093],[9.66671,37.24136],[9.66781,37.24158],[9.66836,37.24113],[9.66835,37.23981],[9.66807,37.23981],[9.66806,37.23849],[9.66751,37.23827],[9.66748,37.2354],[9.66914,37.23517],[9.66969,37.23473],[9.66968,37.23429],[9.6716,37.23295],[9.67159,37.23163],[9.67435,37.23139],[9.67545,37.23072],[9.67543,37.22874],[9.67598,37.22851],[9.67705,37.22498],[9.67787,37.22453],[9.67787,37.22409],[9.67842,37.22364],[9.67952,37.22364],[9.68089,37.22253],[9.68172,37.22296],[9.68255,37.22296],[9.68283,37.2234],[9.68504,37.22383],[9.6856,37.22449],[9.68891,37.2238],[9.69219,37.22114],[9.69219,37.2207],[9.69329,37.22069],[9.69383,37.21958],[9.69494,37.21958],[9.69631,37.21846],[9.69686,37.21846],[9.69713,37.21758],[9.69851,37.21735],[9.69933,37.21668],[9.69932,37.21624],[9.69987,37.21602],[9.69987,37.21557],[9.70042,37.21535],[9.70041,37.21425],[9.69985,37.21403],[9.69984,37.21226],[9.69956,37.21227],[9.69956,37.21182],[9.699,37.21139],[9.70397,37.21158],[9.70424,37.21113],[9.70479,37.21113],[9.70644,37.2098],[9.70615,37.20892],[9.7067,37.20869],[9.70696,37.20693],[9.70724,37.20692],[9.70751,37.20626],[9.70806,37.20626],[9.70915,37.20515],[9.70998,37.20514],[9.70998,37.20492],[9.71274,37.2049],[9.71328,37.20446],[9.71521,37.20423],[9.71549,37.20401],[9.71547,37.20246],[9.71575,37.20246],[9.71602,37.20157],[9.71684,37.20135],[9.71711,37.20091],[9.71767,37.2009],[9.71794,37.20046],[9.71987,37.20045],[9.72123,37.1989],[9.72261,37.19845],[9.72316,37.198],[9.72315,37.19756],[9.72398,37.19733],[9.72397,37.19689],[9.72452,37.19667],[9.72423,37.19535],[9.72534,37.19534],[9.72561,37.19468],[9.72615,37.19423],[9.72671,37.19423],[9.72917,37.19223],[9.72944,37.19156],[9.73192,37.19133],[9.73191,37.19088],[9.73274,37.19066],[9.73301,37.19],[9.73908,37.19018],[9.73908,37.18996],[9.74183,37.18972],[9.74348,37.18883],[9.74403,37.18882],[9.74431,37.18926],[9.74652,37.18925],[9.74652,37.18903],[9.74817,37.18902],[9.74899,37.18857],[9.75092,37.18856],[9.7512,37.18812],[9.75175,37.18811],[9.75174,37.18745],[9.75202,37.18745],[9.75229,37.18678],[9.75312,37.18722],[9.7545,37.18721],[9.75449,37.18633],[9.75504,37.18611],[9.75502,37.18478],[9.75585,37.18456],[9.75583,37.18213],[9.7561,37.18213],[9.75609,37.18146],[9.75554,37.18125],[9.75553,37.18036],[9.7547,37.17993],[9.7547,37.17949],[9.75414,37.17905],[9.75359,37.17905],[9.75275,37.17818],[9.7544,37.17794],[9.75438,37.17574],[9.75521,37.17529],[9.75518,37.17308],[9.75546,37.17308],[9.75545,37.17242],[9.75987,37.17239],[9.76481,37.17082],[9.76471,37.16044],[9.76526,37.16022],[9.76609,37.16088],[9.76664,37.16087],[9.76719,37.16021],[9.76911,37.15975],[9.76965,37.15865],[9.77076,37.15864],[9.77076,37.1593],[9.77187,37.15951],[9.77187,37.15974],[9.7738,37.1595],[9.77407,37.15906],[9.776,37.15905],[9.77654,37.15838],[9.77847,37.15793],[9.77846,37.15749],[9.77901,37.15726],[9.77899,37.15528],[9.77816,37.15484],[9.77815,37.15374],[9.77649,37.15353],[9.77649,37.15308],[9.77621,37.15309],[9.77648,37.15242],[9.77593,37.15243],[9.77593,37.15221],[9.77455,37.15199],[9.77428,37.15222],[9.77397,37.14979],[9.77259,37.14914],[9.77257,37.14759],[9.77285,37.14759],[9.77284,37.14671],[9.77312,37.14671],[9.77311,37.1456],[9.77255,37.14539],[9.77254,37.1445],[9.77282,37.1445],[9.77254,37.14384],[9.77198,37.14385],[9.77143,37.14341],[9.77142,37.14253],[9.7717,37.14252],[9.77196,37.1412],[9.77333,37.14075],[9.77332,37.14009],[9.77277,37.13987],[9.77276,37.13921],[9.77221,37.13899],[9.77247,37.137],[9.77191,37.13678],[9.7719,37.13568],[9.77383,37.13545],[9.77437,37.13478],[9.7763,37.13455],[9.77657,37.13388],[9.77684,37.13388],[9.77684,37.13322],[9.77821,37.13233],[9.7782,37.13123],[9.77902,37.13056],[9.77984,37.13055],[9.77984,37.13011],[9.77791,37.1299],[9.77624,37.12837],[9.77541,37.12838],[9.77458,37.12772],[9.77457,37.12684],[9.77401,37.12662],[9.774,37.12507],[9.77372,37.12508],[9.77372,37.12463],[9.77399,37.12463],[9.77372,37.12441],[9.77399,37.12419],[9.77398,37.12331],[9.77371,37.12331],[9.77369,37.12132],[9.77341,37.12133],[9.7734,37.12],[9.77312,37.12],[9.7731,37.11802],[9.77282,37.11802],[9.7728,37.11581],[9.77308,37.11581],[9.77307,37.11537],[9.77252,37.11515],[9.7725,37.11361],[9.77223,37.11361],[9.77222,37.11295],[9.76919,37.11275],[9.76863,37.11231],[9.76891,37.11231],[9.7689,37.11187],[9.76973,37.11164],[9.76972,37.11076],[9.77081,37.10987],[9.77108,37.10854],[9.7719,37.1081],[9.77216,37.10677],[9.77243,37.10677],[9.77243,37.10611],[9.77298,37.10588],[9.77297,37.10544],[9.77379,37.10477],[9.77654,37.10431],[9.77709,37.10387],[9.77708,37.10321],[9.77736,37.1032],[9.77762,37.10232],[9.77927,37.10143],[9.77953,37.09988],[9.78035,37.09965],[9.78062,37.09921],[9.78117,37.09921],[9.78117,37.09877],[9.78145,37.09876],[9.78143,37.09744],[9.78088,37.097],[9.78005,37.09701],[9.77949,37.09635],[9.77894,37.09635],[9.77893,37.09525],[9.77921,37.09525],[9.7792,37.09436],[9.77947,37.09436],[9.77945,37.09238],[9.77973,37.09238],[9.77972,37.09171],[9.78027,37.09149],[9.78026,37.09105],[9.77944,37.09083],[9.7786,37.08995],[9.77529,37.08976],[9.77502,37.08998],[9.77363,37.08866],[9.7728,37.08867],[9.77252,37.08801],[9.77197,37.08801],[9.76975,37.08626],[9.7692,37.08626],[9.76836,37.08561],[9.76835,37.0845],[9.76752,37.08407],[9.76723,37.08208],[9.76612,37.08187],[9.76418,37.08012],[9.76335,37.08012],[9.7628,37.07969],[9.76279,37.07924],[9.76224,37.07903],[9.76223,37.07859],[9.76112,37.07771],[9.76029,37.07749],[9.75998,37.07397],[9.75915,37.07353],[9.75915,37.07287],[9.75804,37.07221],[9.75801,37.06956],[9.75774,37.06957],[9.75773,37.06868],[9.75745,37.06869],[9.75688,37.06692],[9.75825,37.06625],[9.76156,37.06601],[9.76265,37.06512],[9.76292,37.06424],[9.76347,37.06423],[9.76346,37.06401],[9.76622,37.06377],[9.76622,37.06399],[9.76704,37.06399],[9.76704,37.06377],[9.76869,37.06354],[9.76978,37.06265],[9.77171,37.06241],[9.77199,37.06263],[9.77198,37.06241],[9.77309,37.06241],[9.77308,37.06218],[9.77363,37.06218],[9.77447,37.06284],[9.77612,37.06283],[9.77667,37.06326],[9.77668,37.06393],[9.77751,37.06436],[9.77806,37.06392],[9.78054,37.06412],[9.78081,37.06368],[9.78163,37.06345],[9.7819,37.06279],[9.78273,37.06278],[9.78272,37.06212],[9.783,37.06212],[9.78326,37.06123],[9.78409,37.06101],[9.78408,37.06013],[9.78462,37.05968],[9.78545,37.05968],[9.78601,37.06033],[9.78683,37.06033],[9.78739,37.06077],[9.78877,37.06076],[9.78903,37.06009],[9.79041,37.05986],[9.79068,37.0592],[9.7915,37.05897],[9.79206,37.05963],[9.79261,37.05963],[9.79262,37.06029],[9.79207,37.06074],[9.79152,37.06074],[9.79153,37.06162],[9.79044,37.06251],[9.79045,37.06339],[9.79128,37.06405],[9.79129,37.06471],[9.79211,37.06493],[9.79212,37.06537],[9.79349,37.06536],[9.79378,37.06602],[9.79433,37.06602],[9.79461,37.06668],[9.79626,37.06689],[9.79654,37.06644],[9.79791,37.06643],[9.7982,37.06731],[9.79958,37.06797],[9.80178,37.06729],[9.80234,37.06883],[9.80317,37.06883],[9.80318,37.06949],[9.80373,37.06993],[9.80374,37.07037],[9.80429,37.0708],[9.8065,37.07101],[9.80678,37.07145],[9.80705,37.07123],[9.80926,37.07143],[9.8098,37.07099],[9.81063,37.07098],[9.81063,37.07076],[9.81227,37.07031],[9.81254,37.06964],[9.81337,37.06942],[9.81391,37.06831],[9.81996,37.06827],[9.81996,37.06805],[9.82106,37.06804],[9.82216,37.06737],[9.82381,37.06736],[9.82381,37.06758],[9.82574,37.06779],[9.82601,37.06734],[9.82656,37.06734],[9.82683,37.06646],[9.82765,37.06579],[9.8282,37.06578],[9.82847,37.06534],[9.82902,37.06534],[9.82984,37.06445],[9.83066,37.06444],[9.83148,37.064],[9.83314,37.06398],[9.83314,37.06421],[9.83451,37.06398],[9.83452,37.06442],[9.8359,37.06507],[9.83618,37.06573],[9.83729,37.06572],[9.83757,37.06616],[9.83977,37.06592],[9.83977,37.06659],[9.84033,37.06702],[9.84034,37.06835],[9.84255,37.06833],[9.84283,37.06899],[9.84477,37.07052],[9.84532,37.07052],[9.84561,37.07096],[9.84671,37.07117],[9.84671,37.07139],[9.84781,37.07138],[9.84837,37.07182],[9.84974,37.07159],[9.84974,37.07115],[9.84919,37.07093],[9.84916,37.06895],[9.84971,37.06872],[9.84969,37.06718],[9.85052,37.06673],[9.85077,37.06452],[9.85104,37.06452],[9.85103,37.06386],[9.85131,37.06386],[9.85103,37.06364],[9.85129,37.06209],[9.85074,37.06187],[9.85072,37.06011],[9.84961,37.05945],[9.8496,37.05901],[9.84877,37.05836],[9.84876,37.05792],[9.84821,37.05792],[9.84847,37.05659],[9.84792,37.0566],[9.84709,37.05594],[9.84653,37.0555],[9.84653,37.05506],[9.8446,37.05486],[9.84404,37.05442],[9.84404,37.05398],[9.84349,37.05398],[9.84293,37.05332],[9.8421,37.05311],[9.8421,37.05267],[9.84099,37.05201],[9.84098,37.05157],[9.83713,37.05182],[9.83711,37.04983],[9.83684,37.04983],[9.83683,37.04917],[9.83655,37.04917],[9.83654,37.04829],[9.83571,37.04786],[9.83571,37.04719],[9.83625,37.04697],[9.83679,37.04586],[9.83762,37.04564],[9.8376,37.04409],[9.83787,37.04409],[9.83786,37.04321],[9.83814,37.04298],[9.83952,37.0432],[9.8398,37.04363],[9.842,37.04362],[9.84309,37.04295],[9.84309,37.04251],[9.84364,37.04228],[9.84307,37.04052],[9.84553,37.0394],[9.84578,37.03675],[9.84632,37.03631],[9.8455,37.03653],[9.84494,37.03587],[9.84301,37.03545],[9.8419,37.03435],[9.84079,37.03436],[9.83996,37.0337],[9.83939,37.03172],[9.83856,37.03151],[9.838,37.03085],[9.83745,37.03085],[9.83662,37.02975],[9.83606,37.02976],[9.83578,37.02866],[9.83522,37.02822],[9.83384,37.02801],[9.83356,37.02713],[9.83301,37.02713],[9.83245,37.02669],[9.83243,37.02471],[9.83216,37.02471],[9.83214,37.02316],[9.83296,37.02294],[9.83295,37.02183],[9.83212,37.02162],[9.83211,37.02096],[9.83321,37.02029],[9.83293,37.02007],[9.83292,37.01875],[9.83374,37.01852],[9.83373,37.01764],[9.83401,37.01763],[9.83317,37.01698],[9.83316,37.01565],[9.83343,37.01565],[9.83342,37.01477],[9.83397,37.01477],[9.83397,37.0141],[9.83424,37.0141],[9.83395,37.01256],[9.83422,37.01256],[9.83422,37.01189],[9.83449,37.01189],[9.83418,37.00836],[9.83473,37.00814],[9.83472,37.0077],[9.83445,37.0077],[9.83443,37.00593],[9.8336,37.00528],[9.83359,37.00484],[9.83387,37.00484],[9.83386,37.00395],[9.83468,37.00351],[9.83467,37.00306],[9.83522,37.00262],[9.8352,37.00085],[9.83464,37.00042],[9.83463,36.99909],[9.83435,36.99909],[9.83433,36.99689],[9.8346,36.99689],[9.83485,36.99424],[9.8354,36.99401],[9.83566,36.99291],[9.8373,36.99179],[9.83756,36.99002],[9.8381,36.9898],[9.8381,36.98936],[9.83892,36.98869],[9.83947,36.98869],[9.83974,36.98824],[9.84138,36.98801],[9.84248,36.98712],[9.84303,36.98712],[9.84327,36.98447],[9.84162,36.98426],[9.84135,36.98448],[9.84079,36.98404],[9.84051,36.98316],[9.84023,36.98316],[9.84022,36.98228],[9.83994,36.98206],[9.83774,36.98186],[9.83774,36.98164],[9.8361,36.98253],[9.83142,36.98234],[9.83033,36.98323],[9.8295,36.9828],[9.82785,36.98281],[9.82758,36.98325],[9.8262,36.98326],[9.82537,36.9826],[9.82509,36.98194],[9.82399,36.98173],[9.82398,36.98107],[9.82315,36.98063],[9.82313,36.97909],[9.82258,36.97909],[9.82203,36.97866],[9.82201,36.97733],[9.82118,36.97712],[9.82118,36.97645],[9.82062,36.97602],[9.82007,36.97602],[9.81924,36.97492],[9.81841,36.97471],[9.8184,36.97383],[9.81729,36.97295],[9.81674,36.97295],[9.81673,36.97207],[9.81645,36.97207],[9.81673,36.97185],[9.8167,36.96942],[9.81531,36.96833],[9.81531,36.96745],[9.8142,36.96701],[9.81364,36.96569],[9.81336,36.96569],[9.81335,36.96503],[9.8128,36.96482],[9.8125,36.96217],[9.81222,36.96217],[9.81221,36.96129],[9.81166,36.96085],[9.81083,36.96086],[9.81028,36.9602],[9.80863,36.96021],[9.80835,36.95977],[9.8067,36.95978],[9.80587,36.95913],[9.80229,36.95937],[9.80147,36.95982],[9.80037,36.9596],[9.80037,36.95938],[9.79762,36.95962],[9.79762,36.9594],[9.79597,36.95941],[9.79597,36.95963],[9.79515,36.95964],[9.79488,36.96008],[9.79405,36.96009],[9.79378,36.96075],[9.79351,36.96075],[9.79323,36.96009],[9.79432,36.95942],[9.79431,36.95898],[9.79459,36.95898],[9.79459,36.95854],[9.79513,36.95809],[9.79539,36.95655],[9.79511,36.95655],[9.79483,36.95589],[9.79538,36.95566],[9.79537,36.95456],[9.79564,36.95434],[9.79481,36.95412],[9.79453,36.95368],[9.79398,36.95369],[9.79398,36.95325],[9.79343,36.95303],[9.79342,36.95237],[9.79259,36.95215],[9.79204,36.95149],[9.78956,36.95173],[9.78929,36.95129],[9.78791,36.95086],[9.7879,36.9502],[9.78762,36.9502],[9.7876,36.94821],[9.78815,36.94821],[9.7887,36.94754],[9.78759,36.94667],[9.78512,36.94691],[9.78428,36.94625],[9.78292,36.94692],[9.78265,36.9478],[9.78018,36.94826],[9.77991,36.94871],[9.77936,36.94871],[9.77908,36.94805],[9.77742,36.94696],[9.77495,36.94763],[9.77467,36.94675],[9.77356,36.94588],[9.77355,36.94544],[9.77273,36.94544],[9.7719,36.94479],[9.77161,36.94346],[9.77105,36.94303],[9.7705,36.94303],[9.7705,36.94237],[9.76912,36.94193],[9.76882,36.93973],[9.76828,36.94017],[9.76635,36.94019],[9.76634,36.93952],[9.76579,36.93909],[9.76524,36.93909],[9.76496,36.93865],[9.76359,36.93866],[9.7633,36.93778],[9.76137,36.93735],[9.75999,36.93648],[9.75997,36.93449],[9.75887,36.93428],[9.75884,36.93119],[9.75911,36.93118],[9.75911,36.93052],[9.75938,36.93052],[9.75936,36.92876],[9.75991,36.92853],[9.76017,36.92654],[9.75989,36.92655],[9.75988,36.92566],[9.7585,36.92501],[9.7585,36.92435],[9.75767,36.92435],[9.75767,36.92391],[9.75657,36.9237],[9.75656,36.92348],[9.75409,36.92371],[9.75409,36.92349],[9.75107,36.92351],[9.74968,36.9222],[9.74913,36.9222],[9.74857,36.92154],[9.74775,36.92155],[9.74775,36.92133],[9.74445,36.92157],[9.7439,36.92201],[9.74307,36.92113],[9.74115,36.92093],[9.74032,36.92049],[9.74031,36.92005],[9.73976,36.91983],[9.73975,36.91895],[9.7392,36.91851],[9.73919,36.91785],[9.73892,36.91785],[9.73945,36.91608],[9.74,36.91586],[9.74022,36.91078],[9.73967,36.91034],[9.73965,36.90813],[9.73745,36.90837],[9.73745,36.90793],[9.73717,36.90793],[9.73715,36.90594],[9.73633,36.90639],[9.73578,36.90573],[9.73495,36.90552],[9.73495,36.90507],[9.73439,36.90464],[9.73164,36.90421],[9.73136,36.90377],[9.73081,36.90378],[9.73054,36.90422],[9.72917,36.90423],[9.72917,36.90467],[9.72422,36.9047],[9.7234,36.90426],[9.72313,36.90537],[9.72066,36.90582],[9.72038,36.90538],[9.71928,36.90517],[9.71873,36.90473],[9.71843,36.90253],[9.71788,36.90231],[9.7176,36.90165],[9.71678,36.90165],[9.71594,36.90078],[9.71512,36.90078],[9.71349,36.90234],[9.71294,36.90234],[9.71184,36.90323],[9.7113,36.90323],[9.7113,36.90367],[9.70882,36.90347],[9.70883,36.90369],[9.70828,36.90369],[9.70745,36.90303],[9.7058,36.90282],[9.70552,36.90305],[9.70553,36.90393],[9.70526,36.90393],[9.70526,36.90481],[9.70554,36.90481],[9.70555,36.90591],[9.7061,36.90613],[9.70611,36.90746],[9.70557,36.9079],[9.70419,36.90769],[9.70365,36.90813],[9.70255,36.90836],[9.70228,36.9088],[9.70173,36.90881],[9.70118,36.90947],[9.70009,36.90948],[9.69954,36.90992],[9.69844,36.91015],[9.69845,36.91081],[9.69763,36.91104],[9.69708,36.9117],[9.69516,36.91171],[9.69516,36.91193],[9.69434,36.91194],[9.69407,36.91238],[9.69297,36.91239],[9.69297,36.91261],[9.69132,36.91262],[9.69021,36.91174],[9.68884,36.91175],[9.68884,36.91219],[9.68802,36.9122],[9.68802,36.91242],[9.68637,36.91243],[9.68582,36.91287],[9.68583,36.91331],[9.68446,36.9142],[9.68447,36.91464],[9.68282,36.91465],[9.68173,36.91554],[9.68173,36.91621],[9.68037,36.9171],[9.6801,36.91798],[9.67982,36.91798],[9.67983,36.91886],[9.67928,36.91909],[9.67929,36.92019],[9.67847,36.9202],[9.67792,36.92064],[9.67737,36.9202],[9.676,36.92021],[9.67518,36.92132],[9.67326,36.92177],[9.67326,36.92155],[9.67188,36.92134],[9.67187,36.92045],[9.67077,36.9198],[9.6683,36.91981],[9.66774,36.91937],[9.66774,36.91893],[9.66746,36.91893],[9.66718,36.91783],[9.66635,36.91784],[9.66552,36.91718],[9.66195,36.91698],[9.66167,36.91632],[9.66112,36.91632],[9.66083,36.91522],[9.66001,36.91478],[9.66,36.91434],[9.65917,36.91368],[9.65862,36.91369],[9.65779,36.91303],[9.65669,36.91304],[9.65641,36.9126],[9.65257,36.91284],[9.65257,36.91328],[9.65148,36.91395],[9.65149,36.91505],[9.65067,36.91572],[9.65012,36.91572],[9.64903,36.91683],[9.64848,36.91683],[9.6482,36.91617],[9.64709,36.9153],[9.64627,36.9153],[9.64571,36.91486],[9.64598,36.9142],[9.64434,36.91421],[9.64378,36.91377],[9.64377,36.91289],[9.64322,36.91289],[9.64267,36.91245],[9.64267,36.91201],[9.64212,36.91179],[9.64183,36.91025],[9.64155,36.91025],[9.64154,36.90804],[9.64071,36.90739],[9.64016,36.90739],[9.63988,36.90695],[9.63823,36.90696],[9.6374,36.90608],[9.63657,36.90608],[9.6363,36.90586],[9.63629,36.90498],[9.63435,36.90367],[9.63435,36.90301],[9.63407,36.90301],[9.63379,36.90235],[9.63022,36.90259],[9.62994,36.90215],[9.62912,36.90215],[9.62912,36.90193],[9.62719,36.90194],[9.62719,36.9015],[9.62636,36.90084],[9.62471,36.90085],[9.62389,36.90152],[9.6239,36.90218],[9.62362,36.90196],[9.62033,36.9022],[9.62032,36.90198],[9.6195,36.90198],[9.6195,36.9022],[9.61785,36.90221],[9.61786,36.90243],[9.61621,36.90244],[9.61539,36.90311],[9.61539,36.90377],[9.61402,36.90399],[9.6132,36.90466],[9.61321,36.90576],[9.61239,36.90599],[9.61239,36.90577],[9.61018,36.90512],[9.60989,36.90313],[9.60906,36.90248],[9.60741,36.90248],[9.60713,36.90204],[9.60466,36.90206],[9.60412,36.90272],[9.60274,36.90251],[9.60248,36.90383],[9.60193,36.90428],[9.60083,36.90406],[9.60056,36.90451],[9.60001,36.90451],[9.59947,36.90628],[9.59783,36.90695],[9.59812,36.90937],[9.59785,36.90937],[9.59787,36.9118],[9.59759,36.9118],[9.5976,36.91269],[9.59596,36.91358],[9.59569,36.91424],[9.59459,36.91425],[9.59432,36.91491],[9.59322,36.91558],[9.59323,36.91668],[9.59241,36.91713],[9.59269,36.91801],[9.59215,36.91823],[9.59215,36.91867],[9.5916,36.91912],[9.59078,36.91912],[9.59051,36.91956],[9.58941,36.91957],[9.58914,36.92001],[9.58804,36.92002],[9.58804,36.92024],[9.58611,36.92025],[9.58611,36.92003],[9.58337,36.92026],[9.5831,36.92114],[9.58255,36.92137],[9.58255,36.92181],[9.58201,36.92225],[9.57651,36.92206],[9.57651,36.92228],[9.57541,36.92229],[9.57459,36.92295],[9.57349,36.92296],[9.57349,36.92274],[9.56992,36.92297],[9.56964,36.92253],[9.56634,36.92255],[9.56607,36.92299],[9.56524,36.923],[9.56497,36.92344],[9.56332,36.92345],[9.56277,36.92301],[9.55837,36.92303],[9.55783,36.92413],[9.55701,36.92436],[9.55592,36.92547],[9.55344,36.92548],[9.5529,36.92592],[9.55207,36.92593],[9.5518,36.92637],[9.55125,36.92637],[9.55071,36.9277],[9.55016,36.9277],[9.54907,36.92837],[9.54851,36.92793],[9.5485,36.92639],[9.54795,36.92639],[9.54795,36.9255],[9.54712,36.92485],[9.5471,36.92242],[9.54545,36.92221],[9.54516,36.92088],[9.54434,36.92067],[9.54406,36.92023],[9.54351,36.92023],[9.54323,36.91979],[9.54213,36.91979],[9.54185,36.91935],[9.54075,36.91936],[9.54048,36.91892],[9.53855,36.91871],[9.53827,36.91827],[9.53717,36.91827],[9.53662,36.91761],[9.53552,36.9174],[9.5355,36.91541],[9.53742,36.91408],[9.53768,36.91253],[9.53905,36.91164],[9.53905,36.9112],[9.53822,36.91054],[9.5382,36.90834],[9.53875,36.90811],[9.53875,36.90767],[9.53984,36.90678],[9.53983,36.90568],[9.53956,36.90568],[9.53955,36.90436],[9.53927,36.90436],[9.53927,36.9037],[9.539,36.9037],[9.53899,36.90237],[9.53871,36.90237],[9.53871,36.90193],[9.53816,36.90149],[9.53706,36.9015],[9.53623,36.90106],[9.53431,36.90107],[9.53294,36.90218],[9.53157,36.90219],[9.53074,36.90175],[9.52909,36.90176],[9.52853,36.9011],[9.52716,36.90132],[9.52716,36.90154],[9.52552,36.90155],[9.52524,36.90111],[9.52359,36.90068],[9.52303,36.90002],[9.52166,36.8998],[9.52138,36.89892],[9.52027,36.89804],[9.5178,36.89783],[9.5178,36.89805],[9.5167,36.89806],[9.5167,36.89784],[9.5156,36.89784],[9.5156,36.89762],[9.51422,36.89763],[9.51422,36.89741],[9.51285,36.89763],[9.5123,36.8983],[9.50571,36.89811],[9.50571,36.89788],[9.50406,36.89767],[9.5035,36.89701],[9.50103,36.89724],[9.50103,36.89702],[9.4991,36.89703],[9.49773,36.89637],[9.49663,36.89726],[9.49581,36.89726],[9.49582,36.89859],[9.49554,36.89859],[9.49555,36.89947],[9.49527,36.89947],[9.49498,36.89727],[9.49526,36.89727],[9.49551,36.89373],[9.49496,36.89352],[9.49467,36.89087],[9.49384,36.89021],[9.49383,36.88933],[9.49328,36.88889],[9.49218,36.88889],[9.49053,36.88802],[9.4897,36.88802],[9.4886,36.88714],[9.48859,36.88604],[9.48832,36.88604],[9.48832,36.8856],[9.48776,36.88516],[9.48775,36.88383],[9.48693,36.88318],[9.4861,36.88318],[9.485,36.88208],[9.48417,36.88208],[9.48334,36.88165],[9.48032,36.88188],[9.48032,36.88166],[9.47813,36.88167],[9.47758,36.88233],[9.47703,36.88233],[9.47702,36.88079],[9.47675,36.88079],[9.47674,36.88035],[9.47564,36.87969],[9.47564,36.87925],[9.47453,36.87859],[9.47453,36.87815],[9.47315,36.87727],[9.47315,36.87683],[9.47342,36.87683],[9.47342,36.87551],[9.47287,36.87529],[9.47286,36.87441],[9.47231,36.87419],[9.47231,36.87352],[9.47175,36.87309],[9.47175,36.87264],[9.47065,36.87243],[9.47065,36.87199],[9.46982,36.87177],[9.46982,36.87067],[9.46927,36.87045],[9.46926,36.86978],[9.46899,36.86979],[9.46898,36.86846],[9.46788,36.86847],[9.46705,36.86803],[9.46595,36.86803],[9.46595,36.86781],[9.46348,36.86738],[9.4632,36.86716],[9.46319,36.86584],[9.46264,36.8654],[9.46264,36.86473],[9.46236,36.86474],[9.46208,36.86407],[9.45879,36.86387],[9.45879,36.86365],[9.45604,36.86344],[9.45604,36.86322],[9.45466,36.86322],[9.45466,36.863],[9.45329,36.86278],[9.45411,36.86212],[9.45408,36.85748],[9.45106,36.85705],[9.45023,36.8564],[9.44968,36.8564],[9.44913,36.85574],[9.44556,36.85553],[9.44556,36.85619],[9.44364,36.85752],[9.44338,36.85863],[9.4431,36.85863],[9.44255,36.85819],[9.44035,36.85798],[9.44035,36.85776],[9.43925,36.85754],[9.4387,36.85688],[9.4376,36.85688],[9.43649,36.85601],[9.43512,36.85579],[9.43484,36.85535],[9.43265,36.85514],[9.43264,36.85492],[9.43154,36.8547],[9.43127,36.85426],[9.42879,36.85383],[9.42879,36.85361],[9.42824,36.85361],[9.4277,36.85405],[9.4277,36.85449],[9.42742,36.85449],[9.42743,36.85604],[9.42661,36.85626],[9.42661,36.85604],[9.42551,36.85605],[9.42358,36.85451],[9.42303,36.85451],[9.42192,36.85341],[9.42138,36.85341],[9.4211,36.85319],[9.42109,36.85231],[9.41916,36.85077],[9.41669,36.85034],[9.41614,36.85078],[9.41615,36.85122],[9.41587,36.85122],[9.41588,36.85211],[9.41533,36.85211],[9.41505,36.85145],[9.4145,36.85145],[9.41312,36.85035],[9.41119,36.8497],[9.41037,36.84904],[9.4079,36.84927],[9.40707,36.84839],[9.40652,36.84839],[9.40597,36.84795],[9.40514,36.84795],[9.40432,36.84751],[9.4013,36.8473],[9.39993,36.84841],[9.39993,36.84885],[9.39856,36.84974],[9.39857,36.8504],[9.39747,36.85107],[9.39555,36.85107],[9.39527,36.85063],[9.3939,36.85064],[9.3928,36.84998],[9.3917,36.84998],[9.3917,36.85042],[9.39115,36.85065],[9.39115,36.85109],[9.39061,36.85131],[9.39061,36.85175],[9.39006,36.85219],[9.3843,36.8531],[9.3843,36.85288],[9.38375,36.85288],[9.38319,36.85178],[9.38237,36.85178],[9.38237,36.852],[9.381,36.85222],[9.38045,36.85289],[9.3799,36.85289],[9.37963,36.85377],[9.37799,36.854],[9.37744,36.85488],[9.37497,36.85489],[9.37497,36.85511],[9.3736,36.8549],[9.37333,36.85556],[9.37058,36.85557],[9.37031,36.85601],[9.36976,36.85601],[9.36976,36.85645],[9.36894,36.8569],[9.36894,36.85778],[9.36784,36.858],[9.36538,36.86],[9.36511,36.86088],[9.36374,36.86111],[9.36347,36.86155],[9.36072,36.86156],[9.36045,36.86178],[9.36045,36.86244],[9.3599,36.86244],[9.35935,36.86288],[9.35936,36.86399],[9.35908,36.86399],[9.35909,36.86465],[9.35827,36.86532],[9.35827,36.86576],[9.3569,36.8662],[9.3569,36.86664],[9.35635,36.86665],[9.35608,36.86709],[9.35525,36.86709],[9.35443,36.86775],[9.35388,36.86776],[9.35361,36.86864],[9.35169,36.86865],[9.35114,36.86953],[9.34977,36.86975],[9.34977,36.8702],[9.34868,36.87064],[9.34868,36.87108],[9.34731,36.87197],[9.34704,36.87263],[9.34484,36.87286],[9.34402,36.87352],[9.34402,36.87419],[9.34265,36.87507],[9.34238,36.8764],[9.34211,36.8764],[9.34211,36.87728],[9.34102,36.87795],[9.34102,36.87839],[9.33937,36.87839],[9.33855,36.87906],[9.33388,36.87973],[9.33361,36.87995],[9.33362,36.8815],[9.33334,36.8815],[9.33334,36.88194],[9.33142,36.88261],[9.33143,36.88371],[9.3306,36.88393],[9.32951,36.88482],[9.32951,36.88526],[9.32896,36.88526],[9.32869,36.88593],[9.32649,36.88637],[9.32622,36.88748],[9.32568,36.8877],[9.32568,36.88947],[9.32486,36.88969],[9.32486,36.89057],[9.32431,36.89079],[9.32404,36.89168],[9.32129,36.89146],[9.32074,36.8908],[9.31992,36.89081],[9.31937,36.89125],[9.31745,36.89125],[9.3169,36.89081],[9.31607,36.89082],[9.31579,36.89015],[9.31469,36.88994],[9.31387,36.88884],[9.31112,36.88862],[9.31112,36.88884],[9.31029,36.88884],[9.3092,36.88951],[9.30837,36.88863],[9.30672,36.88841],[9.30672,36.88863],[9.30617,36.88863],[9.30534,36.88797],[9.30479,36.88798],[9.30452,36.88754],[9.30397,36.88754],[9.30369,36.88599],[9.30259,36.886],[9.30259,36.88622],[9.29874,36.88623],[9.29847,36.88601],[9.29847,36.88645],[9.29902,36.88667],[9.29902,36.88755],[9.29957,36.88777],[9.29958,36.88843],[9.29985,36.88843],[9.30013,36.89042],[9.29904,36.8913],[9.29739,36.89175],[9.29712,36.89241],[9.29547,36.89219],[9.29465,36.89286],[9.29245,36.89308],[9.29218,36.89353],[9.28971,36.89375],[9.28916,36.89442],[9.28806,36.89464],[9.28751,36.8953],[9.28669,36.8953],[9.28669,36.89508],[9.28559,36.89531],[9.28532,36.89575],[9.28422,36.89575],[9.28394,36.89619],[9.28339,36.89597],[9.28339,36.89619],[9.28202,36.89642],[9.28202,36.89686],[9.28148,36.8973],[9.28093,36.8973],[9.28065,36.89775],[9.279,36.89775],[9.27873,36.89797],[9.27873,36.89908],[9.27846,36.89908],[9.27819,36.89996],[9.27791,36.89996],[9.27819,36.90062],[9.27737,36.90129],[9.27738,36.90349],[9.27655,36.90349],[9.276,36.90394],[9.276,36.90438],[9.27573,36.90438],[9.27573,36.90504],[9.27518,36.90526],[9.27573,36.9057],[9.27546,36.90659],[9.27464,36.90703],[9.27382,36.90703],[9.27382,36.90725],[9.27272,36.90725],[9.27272,36.9077],[9.27217,36.90792],[9.27217,36.90902],[9.27052,36.9088],[9.26998,36.90947],[9.26915,36.90947],[9.26832,36.90859],[9.26723,36.90859],[9.26667,36.90815],[9.26585,36.90815],[9.26585,36.90837],[9.26475,36.90816],[9.26392,36.90661],[9.26255,36.90728],[9.26227,36.90684],[9.26117,36.90684],[9.26035,36.90618],[9.25952,36.90618],[9.2587,36.90684],[9.2565,36.90729],[9.2576,36.90795],[9.25788,36.90883],[9.25871,36.90949],[9.25926,36.90949],[9.25926,36.91037],[9.26009,36.91104],[9.26091,36.91103],[9.26146,36.91147],[9.26284,36.91147],[9.26311,36.91191],[9.26366,36.91191],[9.26449,36.91257],[9.26449,36.91301],[9.26559,36.91301],[9.26697,36.91411],[9.2678,36.91433],[9.26807,36.91565],[9.2678,36.91565],[9.26781,36.9172],[9.26753,36.91742],[9.26808,36.91742],[9.26808,36.91786],[9.26863,36.91808],[9.26863,36.91852],[9.26918,36.91874],[9.26919,36.91918],[9.26974,36.91962],[9.27029,36.91962],[9.27112,36.9205],[9.27194,36.9205],[9.27249,36.92116],[9.27304,36.92116],[9.27305,36.92226],[9.2725,36.92248],[9.2725,36.92315],[9.27222,36.92315],[9.2725,36.92337],[9.2725,36.92469],[9.27306,36.92513],[9.27333,36.92623],[9.27388,36.92623],[9.27444,36.92689],[9.27526,36.92667],[9.27527,36.92799],[9.27444,36.92844],[9.27444,36.92888],[9.27472,36.92888],[9.27472,36.92954],[9.27527,36.92998],[9.27527,36.93042],[9.2761,36.93086],[9.2761,36.93152],[9.2772,36.93218],[9.27748,36.93351],[9.27776,36.93351],[9.27749,36.93439],[9.27721,36.93439],[9.27722,36.93505],[9.27777,36.93549],[9.27777,36.93638],[9.2775,36.9366],[9.27805,36.93704],[9.27805,36.93836],[9.27778,36.93858],[9.27805,36.93858],[9.27806,36.94035],[9.27751,36.94079],[9.27751,36.94123],[9.27806,36.94145],[9.27862,36.94277],[9.27944,36.94299],[9.28055,36.94387],[9.28055,36.94476],[9.28082,36.94475],[9.2811,36.94542],[9.28165,36.94541],[9.28193,36.94586],[9.28385,36.94607],[9.28413,36.94717],[9.28386,36.94718],[9.28386,36.94806],[9.28359,36.94828],[9.28386,36.94828],[9.28414,36.94916],[9.28607,36.95048],[9.28635,36.95136],[9.28717,36.95158],[9.28773,36.95423],[9.28856,36.95489],[9.28939,36.95489],[9.28966,36.95533],[9.29186,36.9551],[9.29186,36.95532],[9.29269,36.95532],[9.29352,36.95598],[9.29352,36.95752],[9.296,36.95752],[9.29545,36.95796],[9.29545,36.9584],[9.29518,36.9584],[9.29518,36.95973],[9.29766,36.96082],[9.29794,36.96237],[9.29849,36.96281],[9.29849,36.96325],[9.29794,36.96325],[9.2974,36.96369],[9.2974,36.9648],[9.29713,36.9648],[9.29686,36.96656],[9.29548,36.96679],[9.29521,36.96811],[9.29466,36.96811],[9.29438,36.96723],[9.29301,36.96724],[9.29219,36.96768],[9.29054,36.9679],[9.28971,36.96724],[9.28778,36.96747],[9.28751,36.96725],[9.2875,36.96637],[9.28585,36.96593],[9.28585,36.96615],[9.28338,36.96638],[9.28256,36.96704],[9.28146,36.96682],[9.28091,36.96771],[9.27981,36.96793],[9.27981,36.96815],[9.27871,36.96815],[9.27789,36.96926],[9.27679,36.96948],[9.27624,36.97015],[9.27432,36.97015],[9.27432,36.96993],[9.27321,36.96971],[9.27294,36.97059],[9.27239,36.9706],[9.27157,36.9717],[9.27102,36.9717],[9.26992,36.97259],[9.26855,36.97259],[9.26828,36.97303],[9.26773,36.97303],[9.26745,36.97392],[9.26553,36.97458],[9.26526,36.97657],[9.26554,36.97657],[9.26554,36.97701],[9.26526,36.97701],[9.26527,36.97878],[9.26499,36.97878],[9.26501,36.98275],[9.26418,36.98275],[9.26391,36.98408],[9.26364,36.98408],[9.26392,36.98496],[9.26282,36.98562],[9.26282,36.98607],[9.26227,36.98607],[9.262,36.98651],[9.26062,36.98651],[9.26007,36.98695],[9.2576,36.98696],[9.25732,36.98784],[9.25595,36.98785],[9.2554,36.98829],[9.25485,36.98829],[9.25485,36.98939],[9.25238,36.98984],[9.2521,36.99028],[9.25155,36.99028],[9.25101,36.99073],[9.25073,36.99139],[9.24881,36.99206],[9.24826,36.99272],[9.24716,36.99272],[9.24606,36.99338],[9.24249,36.99361],[9.24194,36.99428],[9.24029,36.9945],[9.24029,36.99472],[9.23809,36.99473],[9.23781,36.99495],[9.23782,36.99605],[9.23535,36.99804],[9.23535,36.99848],[9.23232,36.99893],[9.23122,37.00004],[9.22985,37.00004],[9.22875,37.0007],[9.22903,37.00225],[9.2293,37.00225],[9.22903,37.00291],[9.22821,37.00291],[9.22683,37.0038],[9.22326,37.0038],[9.22298,37.00402],[9.22298,37.00491],[9.22271,37.00491],[9.22271,37.00601],[9.22244,37.00601],[9.22217,37.00756],[9.22079,37.00822],[9.22052,37.00888],[9.21969,37.00889],[9.21942,37.00977],[9.21804,37.00977],[9.21804,37.00955],[9.21694,37.00955],[9.21694,37.00933],[9.21612,37.00933],[9.21612,37.00955],[9.21502,37.00934],[9.21502,37.00956],[9.21171,37.00934],[9.21144,37.01],[9.21062,37.01067],[9.20787,37.01111],[9.20759,37.01133],[9.2076,37.01354],[9.20925,37.01464],[9.20926,37.01707],[9.20871,37.01751],[9.20871,37.01795],[9.20789,37.01818],[9.20789,37.01862],[9.20734,37.01884],[9.20734,37.01972],[9.20789,37.02016],[9.2079,37.02347],[9.20625,37.02436],[9.20625,37.0259],[9.20681,37.02612],[9.20681,37.02678],[9.20708,37.02678],[9.20709,37.02833],[9.20654,37.02877],[9.20599,37.02877],[9.20599,37.02921],[9.20516,37.02988],[9.20269,37.03076],[9.20297,37.03407],[9.2027,37.03407],[9.2027,37.03452],[9.2016,37.03518],[9.20077,37.03518],[9.20023,37.03584],[9.19967,37.03585],[9.19913,37.03629],[9.19913,37.03695],[9.1983,37.03761],[9.19775,37.03761],[9.19748,37.03828],[9.1961,37.0385],[9.19528,37.03916],[9.19528,37.04027],[9.19308,37.04204],[9.19309,37.0427],[9.19391,37.04314],[9.19392,37.0449],[9.19364,37.0449],[9.19364,37.04535],[9.19254,37.04535],[9.19144,37.04601],[9.19145,37.04734],[9.19089,37.04756],[9.1909,37.04822],[9.19035,37.04844],[9.19035,37.04888],[9.18952,37.04955],[9.18897,37.04955],[9.1876,37.05065],[9.18732,37.05131],[9.18567,37.05132],[9.1854,37.05176],[9.18347,37.05176],[9.1821,37.05243],[9.18099,37.05243],[9.181,37.05265],[9.17934,37.05287],[9.17934,37.05309],[9.17687,37.05354],[9.17522,37.05442],[9.17329,37.05443],[9.17246,37.05487],[9.17164,37.05487],[9.17136,37.05531],[9.16971,37.05553],[9.16944,37.05598],[9.16861,37.05531],[9.16751,37.05532],[9.16585,37.05444],[9.16035,37.05466],[9.16035,37.05444],[9.15815,37.05445],[9.15759,37.05378],[9.15649,37.05379],[9.15622,37.05445],[9.14575,37.05468],[9.14576,37.05557],[9.14686,37.05556],[9.14741,37.05623],[9.14796,37.05623],[9.14796,37.05689],[9.14741,37.05711],[9.14741,37.05865],[9.14714,37.05865],[9.14714,37.05932],[9.14659,37.05954],[9.14659,37.06042],[9.14632,37.06042],[9.14632,37.06152],[9.14577,37.06175],[9.14577,37.06241],[9.14494,37.06263],[9.14494,37.06329],[9.14439,37.06351],[9.14412,37.06417],[9.13971,37.06374],[9.13834,37.0644],[9.13862,37.06904],[9.13835,37.06904],[9.13835,37.0697],[9.13752,37.07036],[9.13697,37.07036],[9.13615,37.07125],[9.13477,37.07147],[9.1345,37.07213],[9.13339,37.07213],[9.13229,37.07324],[9.1323,37.07412],[9.13147,37.07434],[9.13065,37.07545],[9.12982,37.07567],[9.12982,37.07633],[9.12927,37.07677],[9.12872,37.07677],[9.12844,37.07633],[9.12624,37.07633],[9.12597,37.077],[9.12514,37.07722],[9.12487,37.07766],[9.12431,37.07766],[9.12404,37.07832],[9.12321,37.07898],[9.12156,37.07921],[9.12129,37.07965],[9.11936,37.07965],[9.11826,37.08076],[9.11716,37.08076],[9.11661,37.08142],[9.11551,37.0812],[9.11578,37.08208],[9.11633,37.08252],[9.11634,37.08363],[9.11689,37.08407],[9.11689,37.08495],[9.11716,37.08517],[9.12019,37.08451],[9.12074,37.08384],[9.12432,37.08384],[9.1246,37.08362],[9.12515,37.08406],[9.12516,37.08715],[9.12268,37.08781],[9.12268,37.08914],[9.12213,37.08958],[9.12268,37.09201],[9.12296,37.09201],[9.12296,37.09245],[9.12351,37.09245],[9.12462,37.09333],[9.12489,37.09399],[9.12627,37.09421],[9.12655,37.09553],[9.12737,37.09553],[9.12765,37.09597],[9.1282,37.09597],[9.1282,37.09641],[9.12875,37.09685],[9.12958,37.09707],[9.12958,37.09774],[9.13234,37.0984],[9.13262,37.09928],[9.13372,37.0995],[9.13399,37.09994],[9.13372,37.09994],[9.13372,37.09972]]]}},{"type":"Feature","properties":{"kind":"section","id":"S01","km2":46.57,"pct":40,"mm":226,"rain":5.59,"rainNormal":3.57},"geometry":{"type":"Polygon","coordinates":[[[9.35,36.95],[9.35,36.86975],[9.34977,36.86975],[9.34977,36.8702],[9.34895,36.87042],[9.34868,36.87108],[9.34731,36.87197],[9.34704,36.87263],[9.34484,36.87286],[9.34402,36.87352],[9.34402,36.87419],[9.34265,36.87507],[9.34238,36.8764],[9.34211,36.8764],[9.34211,36.87728],[9.34102,36.87795],[9.34102,36.87839],[9.33937,36.87839],[9.33855,36.87906],[9.33718,36.87906],[9.33635,36.8795],[9.33471,36.87951],[9.33471,36.87973],[9.33361,36.87995],[9.33362,36.8815],[9.33252,36.88238],[9.33142,36.88261],[9.33143,36.88371],[9.3306,36.88393],[9.32951,36.88482],[9.32951,36.88526],[9.32896,36.88526],[9.32869,36.88593],[9.32649,36.88637],[9.32622,36.88748],[9.32568,36.8877],[9.32568,36.88947],[9.32486,36.88969],[9.32486,36.89057],[9.32431,36.89079],[9.32432,36.89146],[9.32404,36.89168],[9.32129,36.89146],[9.32074,36.8908],[9.31992,36.89081],[9.31937,36.89125],[9.31745,36.89125],[9.3169,36.89081],[9.31607,36.89082],[9.31579,36.89015],[9.31469,36.88994],[9.31387,36.88884],[9.31112,36.88862],[9.3092,36.88951],[9.30837,36.88863],[9.30727,36.88863],[9.30727,36.88841],[9.30617,36.88863],[9.30534,36.88797],[9.30479,36.88798],[9.30452,36.88754],[9.30397,36.88754],[9.30369,36.88599],[9.30259,36.886],[9.30259,36.88622],[9.29874,36.88623],[9.29847,36.88601],[9.29847,36.88645],[9.29902,36.88667],[9.29902,36.88755],[9.29957,36.88777],[9.29958,36.88843],[9.29985,36.88843],[9.30013,36.89042],[9.29904,36.8913],[9.29739,36.89175],[9.29712,36.89241],[9.29547,36.89219],[9.29465,36.89286],[9.29245,36.89308],[9.29218,36.89353],[9.28971,36.89375],[9.28916,36.89442],[9.28806,36.89464],[9.28751,36.8953],[9.28641,36.89508],[9.28641,36.8953],[9.28559,36.89531],[9.28532,36.89575],[9.28422,36.89575],[9.28394,36.89619],[9.28339,36.89597],[9.28339,36.89619],[9.28202,36.89642],[9.28202,36.89686],[9.28148,36.8973],[9.28093,36.8973],[9.28065,36.89775],[9.279,36.89775],[9.27873,36.89797],[9.27873,36.89908],[9.27846,36.89908],[9.27819,36.89996],[9.27791,36.89996],[9.27819,36.90062],[9.27737,36.90129],[9.27738,36.90349],[9.27655,36.90349],[9.276,36.90394],[9.27573,36.90504],[9.27518,36.90526],[9.27573,36.9057],[9.27574,36.90614],[9.27546,36.90615],[9.27519,36.90681],[9.27272,36.90725],[9.27272,36.9077],[9.27217,36.90792],[9.27217,36.90902],[9.27052,36.9088],[9.26998,36.90947],[9.26915,36.90947],[9.26832,36.90859],[9.26723,36.90859],[9.26667,36.90815],[9.2653,36.90838],[9.2653,36.90815],[9.26475,36.90816],[9.26392,36.90661],[9.26255,36.90728],[9.26227,36.90684],[9.26117,36.90684],[9.26035,36.90618],[9.25952,36.90618],[9.2587,36.90684],[9.2565,36.90729],[9.2576,36.90795],[9.25788,36.90883],[9.25843,36.90927],[9.25926,36.90949],[9.25926,36.91037],[9.26009,36.91104],[9.26091,36.91103],[9.26146,36.91147],[9.26284,36.91147],[9.26311,36.91191],[9.26366,36.91191],[9.26449,36.91257],[9.26449,36.91301],[9.26559,36.91301],[9.26697,36.91411],[9.2678,36.91433],[9.26807,36.91565],[9.2678,36.91565],[9.26781,36.9172],[9.26753,36.91742],[9.26808,36.91742],[9.26808,36.91786],[9.26863,36.91808],[9.26863,36.91852],[9.26918,36.91874],[9.26919,36.91918],[9.26974,36.91962],[9.27029,36.91962],[9.27112,36.9205],[9.27194,36.9205],[9.27249,36.92116],[9.27304,36.92116],[9.27305,36.92226],[9.2725,36.92248],[9.2725,36.92315],[9.27222,36.92315],[9.2725,36.92337],[9.2725,36.92469],[9.27306,36.92513],[9.27333,36.92623],[9.27388,36.92623],[9.27444,36.92689],[9.27526,36.92667],[9.27527,36.92799],[9.27444,36.92844],[9.27444,36.92888],[9.27472,36.92888],[9.27472,36.92954],[9.275,36.92954],[9.27527,36.93042],[9.2761,36.93086],[9.2761,36.93152],[9.2772,36.93218],[9.27748,36.93351],[9.27776,36.93351],[9.27749,36.93439],[9.27721,36.93439],[9.27722,36.93505],[9.27777,36.93549],[9.27777,36.93638],[9.2775,36.9366],[9.27805,36.93704],[9.27805,36.93836],[9.27778,36.93858],[9.27805,36.93858],[9.27806,36.94035],[9.27778,36.94035],[9.27751,36.94123],[9.27806,36.94145],[9.27862,36.94277],[9.27944,36.94299],[9.28055,36.94387],[9.28055,36.94476],[9.28082,36.94475],[9.2811,36.94542],[9.28165,36.94541],[9.28193,36.94586],[9.28385,36.94607],[9.28413,36.94717],[9.28386,36.94718],[9.28386,36.94806],[9.28359,36.94828],[9.28414,36.94872],[9.28414,36.94916],[9.28524,36.95],[9.35,36.95]]]}},{"type":"Feature","properties":{"kind":"section","id":"S02","km2":93.7,"pct":50,"mm":212.7,"rain":5.71,"rainNormal":3.63},"geometry":{"type":"Polygon","coordinates":[[[9.35,36.95],[9.45,36.95],[9.45,36.8564],[9.44913,36.85574],[9.44556,36.85553],[9.44556,36.85619],[9.44364,36.85752],[9.44338,36.85863],[9.4431,36.85863],[9.44255,36.85819],[9.44035,36.85798],[9.44035,36.85776],[9.43925,36.85754],[9.4387,36.85688],[9.4376,36.85688],[9.43732,36.85644],[9.43677,36.85645],[9.43594,36.85579],[9.43512,36.85579],[9.43484,36.85535],[9.43265,36.85514],[9.43072,36.85404],[9.42879,36.85383],[9.42879,36.85361],[9.42824,36.85361],[9.4277,36.85405],[9.4277,36.85449],[9.42742,36.85449],[9.42743,36.85604],[9.42716,36.85626],[9.42551,36.85605],[9.42358,36.85451],[9.42303,36.85451],[9.42192,36.85341],[9.4211,36.85319],[9.42109,36.85231],[9.41916,36.85077],[9.41752,36.85056],[9.41751,36.85034],[9.41669,36.85034],[9.41614,36.85078],[9.41588,36.85211],[9.41533,36.85211],[9.41505,36.85145],[9.4145,36.85145],[9.41422,36.85101],[9.41367,36.85101],[9.41312,36.85035],[9.41257,36.85035],[9.41229,36.85],[9.39856,36.85],[9.39857,36.8504],[9.39747,36.85107],[9.39555,36.85107],[9.39527,36.85063],[9.3939,36.85064],[9.3928,36.85],[9.3917,36.85],[9.3917,36.85042],[9.39115,36.85065],[9.39115,36.85109],[9.39061,36.85131],[9.39061,36.85175],[9.39006,36.85219],[9.3843,36.8531],[9.3843,36.85288],[9.38375,36.85288],[9.38319,36.85178],[9.38237,36.85178],[9.38237,36.852],[9.381,36.85222],[9.38045,36.85289],[9.3799,36.85289],[9.37963,36.85377],[9.37799,36.854],[9.37744,36.85488],[9.37497,36.85489],[9.37497,36.85511],[9.3736,36.8549],[9.37333,36.85556],[9.37058,36.85557],[9.36894,36.8569],[9.36894,36.85778],[9.36784,36.858],[9.36538,36.86],[9.36539,36.86066],[9.36511,36.86088],[9.36429,36.86088],[9.36347,36.86155],[9.36045,36.86178],[9.36045,36.86244],[9.3599,36.86244],[9.35935,36.86288],[9.35936,36.86399],[9.35908,36.86399],[9.35909,36.86465],[9.35854,36.86487],[9.35827,36.86576],[9.3569,36.8662],[9.3569,36.86664],[9.35635,36.86665],[9.35608,36.86709],[9.35525,36.86709],[9.35443,36.86775],[9.35388,36.86776],[9.35361,36.86864],[9.35169,36.86865],[9.35114,36.86953],[9.35,36.86975],[9.35,36.95]]]}},{"type":"Feature","properties":{"kind":"section","id":"S03","km2":58.78,"pct":50,"mm":215.6,"rain":5.23,"rainNormal":3.66},"geometry":{"type":"Polygon","coordinates":[[[9.45,36.95],[9.55,36.95],[9.55,36.92792],[9.54961,36.92792],[9.54934,36.92837],[9.54851,36.92793],[9.5485,36.92639],[9.54795,36.92639],[9.54795,36.9255],[9.54712,36.92485],[9.5471,36.92242],[9.54545,36.92221],[9.54544,36.92132],[9.54517,36.92132],[9.54489,36.92066],[9.54434,36.92067],[9.54323,36.91979],[9.54213,36.91979],[9.54185,36.91935],[9.54075,36.91936],[9.54048,36.91892],[9.53855,36.91871],[9.53827,36.91827],[9.53717,36.91827],[9.53662,36.91761],[9.53552,36.9174],[9.5355,36.91541],[9.53742,36.91408],[9.53768,36.91253],[9.53905,36.91164],[9.53905,36.9112],[9.53822,36.91054],[9.5382,36.90834],[9.53875,36.90811],[9.53875,36.90767],[9.5393,36.90745],[9.53929,36.90701],[9.53984,36.90678],[9.53983,36.90568],[9.53956,36.90568],[9.53955,36.90436],[9.53927,36.90436],[9.53927,36.9037],[9.539,36.9037],[9.53899,36.90237],[9.53871,36.90237],[9.53871,36.90193],[9.53816,36.90149],[9.53706,36.9015],[9.53623,36.90106],[9.53431,36.90107],[9.53349,36.90196],[9.53157,36.90219],[9.53074,36.90175],[9.52909,36.90176],[9.52853,36.9011],[9.52716,36.90132],[9.52716,36.90154],[9.52552,36.90155],[9.52524,36.90111],[9.52359,36.90068],[9.52303,36.90002],[9.52166,36.8998],[9.52138,36.89958],[9.52138,36.89892],[9.52027,36.89804],[9.5178,36.89783],[9.5178,36.89805],[9.5167,36.89806],[9.5167,36.89784],[9.5156,36.89784],[9.5156,36.89762],[9.5134,36.89741],[9.5123,36.8983],[9.50571,36.89811],[9.50571,36.89788],[9.50406,36.89767],[9.5035,36.89701],[9.5024,36.89702],[9.5024,36.89724],[9.4991,36.89703],[9.49773,36.89637],[9.49663,36.89726],[9.49581,36.89726],[9.49582,36.89859],[9.49554,36.89859],[9.49555,36.89947],[9.49527,36.89947],[9.49498,36.89727],[9.49526,36.89727],[9.49551,36.89373],[9.49496,36.89352],[9.49467,36.89087],[9.49384,36.89021],[9.49383,36.88933],[9.49328,36.88889],[9.49218,36.88889],[9.49053,36.88802],[9.4897,36.88802],[9.4886,36.88714],[9.48859,36.88604],[9.48804,36.8856],[9.48804,36.88516],[9.48776,36.88516],[9.48775,36.88383],[9.48693,36.88318],[9.4861,36.88318],[9.485,36.88208],[9.48335,36.88187],[9.48334,36.88165],[9.48032,36.88188],[9.48032,36.88166],[9.47813,36.88167],[9.47758,36.88233],[9.47703,36.88233],[9.47702,36.88079],[9.47675,36.88079],[9.47674,36.88035],[9.47453,36.87859],[9.47453,36.87815],[9.47315,36.87727],[9.47315,36.87683],[9.47342,36.87683],[9.47342,36.87551],[9.47287,36.87529],[9.47286,36.87441],[9.47231,36.87419],[9.47231,36.87352],[9.47203,36.87353],[9.47175,36.87264],[9.47065,36.87243],[9.47065,36.87199],[9.46982,36.87177],[9.46982,36.87067],[9.46927,36.87045],[9.46926,36.86978],[9.46899,36.86979],[9.46898,36.86846],[9.46788,36.86847],[9.46705,36.86803],[9.46348,36.86738],[9.4632,36.86716],[9.46319,36.86584],[9.46264,36.8654],[9.46264,36.86473],[9.46236,36.86474],[9.46208,36.86407],[9.45879,36.86387],[9.45879,36.86365],[9.45356,36.863],[9.45329,36.86256],[9.45411,36.86212],[9.45408,36.85748],[9.45106,36.85705],[9.45,36.8564],[9.45,36.95]]]}},{"type":"Feature","properties":{"kind":"section","id":"S04","km2":36.45,"pct":50,"mm":164.8,"rain":4.88,"rainNormal":3.68},"geometry":{"type":"Polygon","coordinates":[[[9.55,36.95],[9.65,36.95],[9.65,36.91594],[9.64903,36.91683],[9.64848,36.91683],[9.6482,36.91617],[9.64709,36.9153],[9.64627,36.9153],[9.64571,36.91486],[9.64598,36.9142],[9.64434,36.91421],[9.64378,36.91377],[9.64377,36.91289],[9.64322,36.91289],[9.64267,36.91245],[9.64267,36.91201],[9.64212,36.91179],[9.64211,36.91113],[9.64184,36.91113],[9.64183,36.91025],[9.64155,36.91025],[9.64154,36.90804],[9.64071,36.90739],[9.64016,36.90739],[9.63988,36.90695],[9.63823,36.90696],[9.6374,36.90608],[9.63657,36.90608],[9.6363,36.90586],[9.63629,36.90498],[9.63435,36.90367],[9.63435,36.90301],[9.63407,36.90301],[9.63379,36.90235],[9.63022,36.90259],[9.62994,36.90215],[9.62912,36.90215],[9.62912,36.90193],[9.62719,36.90194],[9.62719,36.9015],[9.62636,36.90084],[9.62471,36.90085],[9.62471,36.90107],[9.62416,36.90107],[9.6239,36.90218],[9.62362,36.90196],[9.62033,36.9022],[9.62032,36.90198],[9.6195,36.90198],[9.6195,36.9022],[9.61785,36.90221],[9.61786,36.90243],[9.61621,36.90244],[9.61539,36.90311],[9.61512,36.90399],[9.61402,36.90399],[9.6132,36.90466],[9.61321,36.90576],[9.61294,36.90599],[9.61018,36.90512],[9.60989,36.90313],[9.60906,36.90248],[9.60741,36.90248],[9.60713,36.90204],[9.60466,36.90206],[9.60412,36.90272],[9.60274,36.90251],[9.60248,36.90383],[9.60193,36.90428],[9.60083,36.90406],[9.60056,36.90451],[9.60001,36.90451],[9.59947,36.90628],[9.59783,36.90695],[9.59812,36.90937],[9.59785,36.90937],[9.59787,36.9118],[9.59759,36.9118],[9.5976,36.91269],[9.59705,36.91313],[9.5965,36.91313],[9.59569,36.91424],[9.59459,36.91425],[9.59432,36.91491],[9.59322,36.91558],[9.59323,36.91668],[9.59241,36.91713],[9.59269,36.91735],[9.59269,36.91801],[9.59215,36.91823],[9.59215,36.91867],[9.5916,36.91912],[9.59078,36.91912],[9.59051,36.91956],[9.58941,36.91957],[9.58914,36.92001],[9.58804,36.92002],[9.58804,36.92024],[9.58556,36.92003],[9.58556,36.92025],[9.58337,36.92026],[9.5831,36.92114],[9.58255,36.92137],[9.58255,36.92181],[9.58201,36.92225],[9.57651,36.92206],[9.57651,36.92228],[9.57541,36.92229],[9.57459,36.92295],[9.57349,36.92296],[9.57349,36.92274],[9.56992,36.92297],[9.56964,36.92253],[9.56634,36.92255],[9.56607,36.92299],[9.56524,36.923],[9.56497,36.92344],[9.56332,36.92345],[9.56277,36.92301],[9.55837,36.92303],[9.55783,36.92413],[9.55701,36.92436],[9.55592,36.92547],[9.55344,36.92548],[9.5529,36.92592],[9.55207,36.92593],[9.5518,36.92637],[9.55125,36.92637],[9.55098,36.92748],[9.55,36.92792],[9.55,36.95]]]}},{"type":"Feature","properties":{"kind":"section","id":"S05","km2":37.73,"pct":56.7,"mm":159.7,"rain":4.91,"rainNormal":3.49},"geometry":{"type":"Polygon","coordinates":[[[9.65,36.95],[9.75,36.95],[9.74996,36.92242],[9.74775,36.92133],[9.74445,36.92157],[9.7439,36.92201],[9.74307,36.92113],[9.74115,36.92093],[9.73976,36.91983],[9.73975,36.91895],[9.7392,36.91851],[9.73891,36.91741],[9.73919,36.91741],[9.73945,36.91608],[9.74,36.91586],[9.74022,36.91078],[9.73967,36.91034],[9.73965,36.90813],[9.73745,36.90837],[9.73745,36.90793],[9.73717,36.90793],[9.73715,36.90594],[9.73633,36.90639],[9.73578,36.90573],[9.73495,36.90552],[9.73495,36.90507],[9.73439,36.90464],[9.73164,36.90421],[9.73136,36.90377],[9.73081,36.90378],[9.73054,36.90422],[9.72917,36.90423],[9.72917,36.90467],[9.72422,36.9047],[9.7234,36.90426],[9.72313,36.90537],[9.72066,36.90582],[9.72038,36.90538],[9.71983,36.90539],[9.71873,36.90473],[9.71872,36.90341],[9.71844,36.90341],[9.71843,36.90253],[9.71788,36.90231],[9.71788,36.90187],[9.71678,36.90165],[9.71594,36.90078],[9.71512,36.90078],[9.71349,36.90234],[9.71294,36.90234],[9.71267,36.90278],[9.7113,36.90323],[9.7113,36.90367],[9.7102,36.90368],[9.7102,36.90346],[9.70828,36.90369],[9.70745,36.90303],[9.7058,36.90282],[9.70552,36.90305],[9.70553,36.90393],[9.70526,36.90393],[9.70526,36.90481],[9.70554,36.90481],[9.70555,36.90591],[9.7061,36.90613],[9.70611,36.90746],[9.70557,36.9079],[9.70419,36.90769],[9.7031,36.90836],[9.70255,36.90836],[9.70228,36.9088],[9.70173,36.90881],[9.70118,36.90947],[9.70009,36.90948],[9.69899,36.91015],[9.69844,36.91015],[9.69845,36.91081],[9.69763,36.91104],[9.69708,36.9117],[9.69516,36.91171],[9.69516,36.91193],[9.69434,36.91194],[9.69407,36.91238],[9.69297,36.91239],[9.69297,36.91261],[9.69132,36.91262],[9.69021,36.91174],[9.68884,36.91175],[9.68884,36.91219],[9.68802,36.9122],[9.68802,36.91242],[9.68637,36.91243],[9.68582,36.91287],[9.68583,36.91331],[9.68446,36.9142],[9.68447,36.91464],[9.68282,36.91465],[9.68173,36.91554],[9.68173,36.91621],[9.68037,36.9171],[9.6801,36.91798],[9.67982,36.91798],[9.67983,36.91886],[9.67928,36.91909],[9.67929,36.92019],[9.67847,36.9202],[9.6782,36.92064],[9.67737,36.9202],[9.676,36.92021],[9.67518,36.92132],[9.67436,36.92132],[9.67408,36.92177],[9.67188,36.92134],[9.67187,36.92045],[9.67077,36.9198],[9.6683,36.91981],[9.66774,36.91937],[9.66774,36.91893],[9.66746,36.91893],[9.66718,36.91783],[9.66635,36.91784],[9.66552,36.91718],[9.66195,36.91698],[9.66167,36.91632],[9.66112,36.91632],[9.66111,36.91566],[9.66001,36.91478],[9.66,36.91434],[9.65917,36.91368],[9.65862,36.91369],[9.65834,36.91325],[9.65669,36.91304],[9.65641,36.9126],[9.65312,36.91261],[9.65148,36.91395],[9.65149,36.91505],[9.65,36.91594],[9.65,36.95]]]}},{"type":"Feature","properties":{"kind":"section","id":"S06","km2":4.21,"pct":66.7,"mm":157.8,"rain":4.01,"rainNormal":3.11},"geometry":{"type":"Polygon","coordinates":[[[9.75,36.95],[9.78762,36.95],[9.7876,36.94821],[9.78815,36.94821],[9.7887,36.94754],[9.78759,36.94667],[9.78539,36.94668],[9.78512,36.94691],[9.78428,36.94625],[9.78429,36.94647],[9.78346,36.94647],[9.78292,36.94692],[9.78265,36.9478],[9.78018,36.94826],[9.77991,36.94871],[9.77936,36.94871],[9.77908,36.94805],[9.77742,36.94696],[9.77495,36.94763],[9.77467,36.94675],[9.77411,36.94654],[9.77411,36.94609],[9.77356,36.94588],[9.77355,36.94544],[9.77273,36.94544],[9.7719,36.94479],[9.77161,36.94346],[9.7705,36.94303],[9.7705,36.94237],[9.76912,36.94193],[9.76882,36.93973],[9.76828,36.94017],[9.76635,36.94019],[9.76634,36.93952],[9.76579,36.93909],[9.76524,36.93909],[9.76496,36.93865],[9.76359,36.93866],[9.7633,36.93778],[9.76193,36.93757],[9.75999,36.93648],[9.75997,36.93449],[9.75887,36.93428],[9.75884,36.93119],[9.75911,36.93118],[9.75911,36.93052],[9.75938,36.93052],[9.75936,36.92876],[9.75991,36.92853],[9.7599,36.92721],[9.76017,36.92721],[9.75988,36.92566],[9.7585,36.92501],[9.7585,36.92435],[9.75767,36.92435],[9.75739,36.92369],[9.75107,36.92351],[9.75,36.92264],[9.75,36.95]]]}},{"type":"Feature","properties":{"kind":"section","id":"S07","km2":22.37,"pct":33.3,"mm":191.9,"rain":4.67,"rainNormal":3.32},"geometry":{"type":"Polygon","coordinates":[[[9.25,37.05],[9.25,36.99161],[9.24881,36.99206],[9.24826,36.99272],[9.24716,36.99272],[9.24606,36.99338],[9.24359,36.99339],[9.24359,36.99361],[9.24249,36.99361],[9.24194,36.99428],[9.24111,36.99428],[9.24029,36.99472],[9.23809,36.99473],[9.23781,36.99495],[9.23782,36.99605],[9.23535,36.99804],[9.23535,36.99848],[9.23232,36.99893],[9.23122,37.00004],[9.22985,37.00004],[9.22875,37.0007],[9.22903,37.00225],[9.2293,37.00225],[9.22903,37.00291],[9.22766,37.00313],[9.22683,37.0038],[9.22326,37.0038],[9.22298,37.00402],[9.22217,37.00756],[9.22079,37.00822],[9.22052,37.00888],[9.21969,37.00889],[9.21942,37.00977],[9.21804,37.00977],[9.21804,37.00955],[9.21694,37.00955],[9.21694,37.00933],[9.21612,37.00933],[9.21612,37.00955],[9.21502,37.00934],[9.21502,37.00956],[9.21171,37.00934],[9.21144,37.01],[9.21062,37.01067],[9.20952,37.01067],[9.20897,37.01111],[9.20759,37.01133],[9.2076,37.01354],[9.20925,37.01464],[9.20926,37.01707],[9.20898,37.01707],[9.20871,37.01795],[9.20789,37.01818],[9.20789,37.01862],[9.20734,37.01884],[9.20734,37.01972],[9.20789,37.02016],[9.2079,37.02347],[9.20708,37.02414],[9.20625,37.02436],[9.20625,37.0259],[9.20681,37.02612],[9.20681,37.02678],[9.20708,37.02678],[9.20709,37.02833],[9.20654,37.02877],[9.20599,37.02877],[9.20599,37.02921],[9.20516,37.02988],[9.20269,37.03076],[9.20269,37.03187],[9.20297,37.03187],[9.20297,37.03407],[9.2027,37.03407],[9.2027,37.03452],[9.2016,37.03518],[9.20077,37.03518],[9.20023,37.03584],[9.19967,37.03585],[9.19913,37.03629],[9.19913,37.03695],[9.1983,37.03761],[9.19775,37.03761],[9.19748,37.03828],[9.1961,37.0385],[9.19528,37.03916],[9.19528,37.04027],[9.19308,37.04204],[9.19309,37.0427],[9.19391,37.04314],[9.19392,37.0449],[9.19364,37.0449],[9.19364,37.04535],[9.19254,37.04535],[9.19144,37.04601],[9.19145,37.04734],[9.19089,37.04756],[9.1909,37.04822],[9.19035,37.04844],[9.19035,37.04888],[9.18952,37.04955],[9.18897,37.04955],[9.18842,37.04999],[9.25,37.05]]]}},{"type":"Feature","properties":{"kind":"section","id":"S08","km2":87.78,"pct":33.3,"mm":200.1,"rain":5.45,"rainNormal":3.36},"geometry":{"type":"Polygon","coordinates":[[[9.25,37.05],[9.35,37.05],[9.35,36.95],[9.28524,36.95],[9.28607,36.95048],[9.28635,36.95136],[9.28717,36.95158],[9.28773,36.95423],[9.28856,36.95489],[9.28939,36.95489],[9.28966,36.95533],[9.29076,36.95532],[9.29076,36.9551],[9.29269,36.95532],[9.29352,36.95598],[9.29352,36.95752],[9.296,36.95752],[9.29518,36.9584],[9.29518,36.95973],[9.29766,36.96082],[9.29794,36.96237],[9.29849,36.96281],[9.29849,36.96325],[9.29794,36.96325],[9.2974,36.96369],[9.2974,36.9648],[9.29713,36.9648],[9.29686,36.96656],[9.29548,36.96679],[9.29521,36.96811],[9.29466,36.96811],[9.29438,36.96723],[9.29301,36.96724],[9.29219,36.96768],[9.29054,36.9679],[9.28971,36.96724],[9.28778,36.96747],[9.28723,36.96615],[9.28585,36.96593],[9.28585,36.96615],[9.28338,36.96638],[9.28256,36.96704],[9.28146,36.96682],[9.28091,36.96771],[9.28036,36.96771],[9.27981,36.96815],[9.27871,36.96815],[9.27789,36.96926],[9.27679,36.96948],[9.27624,36.97015],[9.27432,36.97015],[9.27377,36.96971],[9.27321,36.96971],[9.27294,36.97059],[9.27184,36.97104],[9.27157,36.9717],[9.27102,36.9717],[9.26992,36.97259],[9.26855,36.97259],[9.26828,36.97303],[9.26773,36.97303],[9.26773,36.9737],[9.26745,36.97392],[9.26553,36.97458],[9.26526,36.97657],[9.26554,36.97657],[9.26554,36.97701],[9.26526,36.97701],[9.26527,36.97878],[9.26499,36.97878],[9.26501,36.98275],[9.26418,36.98275],[9.26391,36.98408],[9.26364,36.98408],[9.26392,36.98496],[9.26282,36.98562],[9.26282,36.98607],[9.26227,36.98607],[9.262,36.98651],[9.26062,36.98651],[9.26007,36.98695],[9.2576,36.98696],[9.2576,36.98762],[9.25732,36.98784],[9.25595,36.98785],[9.25595,36.98807],[9.25485,36.98829],[9.25485,36.98939],[9.25238,36.98984],[9.2521,36.99028],[9.25155,36.99028],[9.25101,36.99073],[9.25073,36.99139],[9.25,36.99161],[9.25,37.05]]]}},{"type":"Feature","properties":{"kind":"section","id":"S09","km2":98.78,"pct":46.7,"mm":268.5,"rain":5.62,"rainNormal":3.4},"geometry":{"type":"Polygon","coordinates":[[[9.35,36.95],[9.35,37.05],[9.45,37.05],[9.45,36.95],[9.35,36.95]]]}},{"type":"Feature","properties":{"kind":"section","id":"S10","km2":98.78,"pct":46.7,"mm":265.8,"rain":5.05,"rainNormal":3.44},"geometry":{"type":"Polygon","coordinates":[[[9.45,36.95],[9.45,37.05],[9.55,37.05],[9.55,36.95],[9.45,36.95]]]}},{"type":"Feature","properties":{"kind":"section","id":"S11","km2":98.78,"pct":40,"mm":170.8,"rain":4.53,"rainNormal":3.49},"geometry":{"type":"Polygon","coordinates":[[[9.55,36.95],[9.55,37.05],[9.65,37.05],[9.65,36.95],[9.55,36.95]]]}},{"type":"Feature","properties":{"kind":"section","id":"S12","km2":98.78,"pct":56.7,"mm":154.1,"rain":4.16,"rainNormal":3.28},"geometry":{"type":"Polygon","coordinates":[[[9.65,36.95],[9.65,37.05],[9.75,37.05],[9.75,36.95],[9.65,36.95]]]}},{"type":"Feature","properties":{"kind":"section","id":"S13","km2":77.27,"pct":56.7,"mm":158.8,"rain":3.59,"rainNormal":2.89},"geometry":{"type":"Polygon","coordinates":[[[9.75,36.95],[9.75,37.05],[9.83711,37.05],[9.83684,37.04983],[9.83683,37.04917],[9.83655,37.04917],[9.83654,37.04829],[9.83571,37.04786],[9.83571,37.04719],[9.8368,37.0463],[9.83679,37.04586],[9.83762,37.04564],[9.83786,37.04321],[9.83869,37.04298],[9.83869,37.0432],[9.83952,37.0432],[9.8398,37.04363],[9.84255,37.04339],[9.84309,37.04295],[9.84309,37.04251],[9.84364,37.04228],[9.84336,37.04206],[9.84335,37.04118],[9.84307,37.04118],[9.84307,37.04052],[9.84553,37.0394],[9.84578,37.03675],[9.84632,37.03653],[9.84632,37.03631],[9.8455,37.03653],[9.84494,37.03587],[9.84301,37.03545],[9.8419,37.03435],[9.84079,37.03436],[9.83996,37.0337],[9.83939,37.03172],[9.83856,37.03151],[9.838,37.03085],[9.83745,37.03085],[9.83662,37.02975],[9.83606,37.02976],[9.83578,37.02866],[9.83522,37.02822],[9.83384,37.02801],[9.83356,37.02713],[9.83301,37.02713],[9.83245,37.02669],[9.83243,37.02471],[9.83216,37.02471],[9.83214,37.02316],[9.83296,37.02294],[9.83295,37.02183],[9.83212,37.02162],[9.83211,37.02096],[9.83321,37.02029],[9.83293,37.02007],[9.83292,37.01875],[9.83374,37.01852],[9.83373,37.01764],[9.83401,37.01763],[9.83317,37.01698],[9.83316,37.01565],[9.83343,37.01565],[9.83342,37.01477],[9.83397,37.01477],[9.83397,37.0141],[9.83424,37.0141],[9.83395,37.01256],[9.83422,37.01256],[9.83422,37.01189],[9.83449,37.01189],[9.83418,37.00836],[9.83473,37.00814],[9.83472,37.0077],[9.83445,37.0077],[9.83443,37.00593],[9.8336,37.00528],[9.83359,37.00484],[9.83387,37.00484],[9.83386,37.00395],[9.83468,37.00351],[9.83467,37.00306],[9.83522,37.00262],[9.8352,37.00085],[9.83464,37.00042],[9.83463,36.99909],[9.83435,36.99909],[9.83433,36.99689],[9.8346,36.99689],[9.83485,36.99424],[9.8354,36.99401],[9.83566,36.99291],[9.8373,36.99179],[9.83756,36.99002],[9.8381,36.9898],[9.8381,36.98936],[9.83892,36.98869],[9.83947,36.98869],[9.83974,36.98824],[9.84138,36.98801],[9.84248,36.98712],[9.84303,36.98712],[9.84327,36.98447],[9.84299,36.98425],[9.84135,36.98448],[9.84079,36.98404],[9.84051,36.98316],[9.84023,36.98316],[9.84022,36.98228],[9.83912,36.98207],[9.83912,36.98185],[9.83774,36.98186],[9.83774,36.98164],[9.8361,36.98253],[9.83142,36.98234],[9.83033,36.98323],[9.8295,36.9828],[9.82785,36.98281],[9.82758,36.98325],[9.8262,36.98326],[9.82537,36.9826],[9.82537,36.98216],[9.82426,36.98195],[9.82398,36.98107],[9.82315,36.98063],[9.82313,36.97909],[9.82258,36.97909],[9.82203,36.97866],[9.82201,36.97733],[9.82118,36.97712],[9.82118,36.97645],[9.82007,36.97602],[9.81924,36.97492],[9.81841,36.97471],[9.8184,36.97383],[9.81729,36.97295],[9.81674,36.97295],[9.81673,36.97207],[9.81645,36.97207],[9.81673,36.97185],[9.8167,36.96942],[9.81531,36.96833],[9.81531,36.96745],[9.8142,36.96701],[9.8142,36.96657],[9.81392,36.96657],[9.81392,36.96613],[9.81336,36.96569],[9.81335,36.96503],[9.8128,36.96482],[9.81221,36.96129],[9.81166,36.96085],[9.81083,36.96086],[9.81028,36.9602],[9.80863,36.96021],[9.80835,36.95977],[9.8067,36.95978],[9.80587,36.95913],[9.80229,36.95937],[9.80147,36.95982],[9.80037,36.9596],[9.80037,36.95938],[9.79982,36.95939],[9.79982,36.95961],[9.79597,36.95941],[9.79597,36.95963],[9.79515,36.95964],[9.79488,36.96008],[9.79405,36.96009],[9.79378,36.96075],[9.79351,36.96075],[9.79323,36.96009],[9.79432,36.95942],[9.79431,36.95898],[9.79459,36.95898],[9.79459,36.95854],[9.79513,36.95809],[9.79539,36.95655],[9.79511,36.95655],[9.79483,36.95589],[9.79538,36.95566],[9.79537,36.95456],[9.79564,36.95434],[9.79481,36.95412],[9.79453,36.95368],[9.79398,36.95369],[9.79398,36.95325],[9.79343,36.95303],[9.79342,36.95237],[9.79259,36.95215],[9.79204,36.95149],[9.78956,36.95173],[9.78929,36.95129],[9.78791,36.95086],[9.7879,36.9502],[9.78762,36.95],[9.75,36.95]]]}},{"type":"Feature","properties":{"kind":"section","id":"S14","km2":9.66,"pct":20,"mm":163.4,"rain":3.65,"rainNormal":3.11},"geometry":{"type":"Polygon","coordinates":[[[9.15,37.05446],[9.14575,37.05468],[9.14576,37.05557],[9.14686,37.05556],[9.14741,37.05623],[9.14796,37.05623],[9.14796,37.05689],[9.14741,37.05711],[9.14741,37.05865],[9.14714,37.05865],[9.14714,37.05932],[9.14659,37.05954],[9.14632,37.06152],[9.14577,37.06175],[9.14577,37.06241],[9.14494,37.06263],[9.14494,37.06329],[9.14439,37.06351],[9.14412,37.06417],[9.13971,37.06374],[9.13834,37.0644],[9.13834,37.06661],[9.13862,37.06661],[9.13862,37.06904],[9.13835,37.06904],[9.13835,37.0697],[9.13752,37.07036],[9.13697,37.07036],[9.13615,37.07125],[9.13477,37.07147],[9.1345,37.07213],[9.13339,37.07213],[9.13229,37.07324],[9.1323,37.07412],[9.13119,37.07456],[9.1312,37.075],[9.13065,37.07545],[9.12982,37.07567],[9.12982,37.07633],[9.12927,37.07677],[9.12872,37.07677],[9.12844,37.07633],[9.12624,37.07633],[9.12597,37.077],[9.12514,37.07722],[9.12487,37.07766],[9.12431,37.07766],[9.12404,37.07832],[9.12321,37.07898],[9.12156,37.07921],[9.12129,37.07965],[9.11936,37.07965],[9.11826,37.08076],[9.11716,37.08076],[9.11661,37.08142],[9.11551,37.0812],[9.11578,37.08208],[9.11633,37.08252],[9.11634,37.08363],[9.11689,37.08407],[9.11689,37.08495],[9.11716,37.08517],[9.12019,37.08451],[9.12074,37.08384],[9.12432,37.08384],[9.1246,37.08362],[9.12515,37.08406],[9.12516,37.08715],[9.12268,37.08781],[9.12268,37.08914],[9.12213,37.08958],[9.12241,37.09134],[9.12268,37.09134],[9.12296,37.09245],[9.12351,37.09245],[9.12462,37.09333],[9.12489,37.09399],[9.12627,37.09421],[9.12655,37.09553],[9.12737,37.09553],[9.12765,37.09597],[9.1282,37.09597],[9.1282,37.09641],[9.12875,37.09685],[9.12958,37.09707],[9.12958,37.09774],[9.13234,37.0984],[9.13262,37.09928],[9.13372,37.0995],[9.13262,37.10038],[9.1329,37.10391],[9.13345,37.10413],[9.13345,37.10524],[9.13373,37.10524],[9.13373,37.10656],[9.13345,37.10678],[9.13428,37.10744],[9.13676,37.10744],[9.13731,37.10788],[9.13814,37.10788],[9.13897,37.10876],[9.142,37.10898],[9.14228,37.10876],[9.14227,37.10809],[9.14283,37.10809],[9.14283,37.10831],[9.14338,37.10831],[9.14393,37.10942],[9.14531,37.10986],[9.14531,37.1103],[9.14586,37.11074],[9.14696,37.11074],[9.14696,37.11096],[9.14752,37.11096],[9.14779,37.11052],[9.14834,37.11096],[9.15,37.11073],[9.15,37.05446]],[[9.13399,37.09972],[9.13399,37.09994],[9.13372,37.09994],[9.13372,37.09972],[9.13399,37.09972]]]}},{"type":"Feature","properties":{"kind":"section","id":"S15","km2":75.05,"pct":26.7,"mm":166.8,"rain":3.92,"rainNormal":3},"geometry":{"type":"Polygon","coordinates":[[[9.25,37.05],[9.18842,37.05],[9.1876,37.05065],[9.18732,37.05131],[9.18567,37.05132],[9.1854,37.05176],[9.18347,37.05176],[9.1821,37.05243],[9.18099,37.05243],[9.181,37.05265],[9.17687,37.05354],[9.17522,37.05442],[9.17329,37.05443],[9.17329,37.05465],[9.17164,37.05487],[9.17081,37.05553],[9.16971,37.05553],[9.16944,37.05598],[9.16861,37.05531],[9.16751,37.05532],[9.16585,37.05444],[9.16035,37.05466],[9.16035,37.05444],[9.15815,37.05445],[9.15759,37.05378],[9.15649,37.05379],[9.15622,37.05445],[9.15,37.05446],[9.15,37.11007],[9.15137,37.10941],[9.15164,37.10808],[9.15192,37.10808],[9.15192,37.10654],[9.15274,37.10587],[9.15329,37.10587],[9.15384,37.10521],[9.15494,37.10521],[9.1566,37.10653],[9.15798,37.10653],[9.15881,37.10697],[9.16156,37.10697],[9.16156,37.10719],[9.16266,37.10719],[9.16266,37.10741],[9.16432,37.1074],[9.16432,37.10718],[9.16735,37.1074],[9.16763,37.10806],[9.16873,37.10806],[9.16928,37.10872],[9.17011,37.10872],[9.17066,37.10828],[9.17204,37.10938],[9.17314,37.1096],[9.17314,37.11026],[9.17369,37.11048],[9.17369,37.11136],[9.17397,37.11136],[9.17397,37.11247],[9.1737,37.11269],[9.17453,37.11313],[9.17453,37.11357],[9.17535,37.11423],[9.17618,37.11445],[9.17646,37.11644],[9.17674,37.11666],[9.17977,37.11665],[9.18032,37.11731],[9.18142,37.11731],[9.18198,37.11863],[9.18281,37.11907],[9.18281,37.11974],[9.18364,37.1204],[9.18446,37.12062],[9.18446,37.1204],[9.18557,37.12039],[9.18557,37.12061],[9.18667,37.12083],[9.1875,37.12171],[9.18833,37.12171],[9.18888,37.12215],[9.19026,37.12215],[9.19053,37.12171],[9.19108,37.12171],[9.19163,37.12127],[9.1919,37.11994],[9.19411,37.11972],[9.19411,37.11994],[9.19521,37.11994],[9.19549,37.12038],[9.19852,37.12059],[9.19852,37.12103],[9.19907,37.12103],[9.19962,37.12169],[9.20045,37.12191],[9.20045,37.12258],[9.20293,37.12257],[9.20321,37.12301],[9.20486,37.12301],[9.20515,37.12522],[9.20459,37.12522],[9.2046,37.12765],[9.20626,37.12897],[9.20626,37.12963],[9.20709,37.12985],[9.20709,37.12963],[9.20819,37.1294],[9.20819,37.12896],[9.20929,37.1283],[9.21012,37.12896],[9.21012,37.1305],[9.2104,37.1305],[9.21068,37.13227],[9.21123,37.13227],[9.21233,37.13315],[9.21316,37.13315],[9.21316,37.13359],[9.21482,37.13381],[9.21509,37.13469],[9.21537,37.13469],[9.21482,37.13513],[9.21482,37.13557],[9.2151,37.13557],[9.2151,37.13645],[9.21538,37.13645],[9.21565,37.13734],[9.21593,37.13734],[9.21565,37.13756],[9.21566,37.13866],[9.21593,37.13866],[9.21594,37.13954],[9.21621,37.13976],[9.21594,37.13976],[9.21594,37.14153],[9.21511,37.14153],[9.21429,37.14219],[9.21429,37.14352],[9.2154,37.14374],[9.21705,37.14506],[9.21816,37.14506],[9.21816,37.1466],[9.21844,37.1466],[9.21844,37.14704],[9.21927,37.14704],[9.21954,37.1477],[9.22037,37.1477],[9.22092,37.14858],[9.22258,37.14946],[9.22451,37.14968],[9.22451,37.15],[9.22644,37.1499],[9.22892,37.14812],[9.23002,37.14812],[9.23085,37.149],[9.23223,37.149],[9.2336,37.14812],[9.2336,37.14745],[9.23443,37.14701],[9.23498,37.14569],[9.23608,37.1448],[9.23663,37.1448],[9.2369,37.14436],[9.238,37.14436],[9.23911,37.14524],[9.24104,37.14545],[9.24132,37.14589],[9.24352,37.14589],[9.2449,37.14699],[9.24628,37.14721],[9.24684,37.14765],[9.24684,37.14809],[9.24766,37.14809],[9.24794,37.14853],[9.24987,37.1483],[9.25,37.05]]]}},{"type":"Feature","properties":{"kind":"section","id":"S16","km2":98.57,"pct":30,"mm":196.5,"rain":4.42,"rainNormal":2.9},"geometry":{"type":"Polygon","coordinates":[[[9.35,37.15],[9.35,37.05],[9.25,37.05],[9.25,37.14808],[9.25014,37.14786],[9.25235,37.14808],[9.25263,37.14852],[9.25346,37.14852],[9.25401,37.1494],[9.25539,37.14939],[9.25539,37.14962],[9.25622,37.14961],[9.25649,37.15],[9.35,37.15]]]}},{"type":"Feature","properties":{"kind":"section","id":"S17","km2":98.66,"pct":36.7,"mm":253.6,"rain":4.56,"rainNormal":2.87},"geometry":{"type":"Polygon","coordinates":[[[9.35,37.05],[9.35,37.15],[9.45,37.15],[9.45,37.05],[9.35,37.05]]]}},{"type":"Feature","properties":{"kind":"section","id":"S18","km2":98.66,"pct":36.7,"mm":172.2,"rain":4.03,"rainNormal":2.88},"geometry":{"type":"Polygon","coordinates":[[[9.45,37.05],[9.45,37.15],[9.55,37.15],[9.55,37.05],[9.45,37.05]]]}},{"type":"Feature","properties":{"kind":"section","id":"S19","km2":98.66,"pct":43.3,"mm":180.7,"rain":3.75,"rainNormal":2.87},"geometry":{"type":"Polygon","coordinates":[[[9.55,37.05],[9.55,37.15],[9.65,37.15],[9.65,37.05],[9.55,37.05]]]}},{"type":"Feature","properties":{"kind":"section","id":"S20","km2":98.66,"pct":56.7,"mm":201.3,"rain":3.47,"rainNormal":2.7},"geometry":{"type":"Polygon","coordinates":[[[9.65,37.05],[9.65,37.15],[9.75,37.15],[9.75,37.05],[9.65,37.05]]]}},{"type":"Feature","properties":{"kind":"section","id":"S21","km2":33.19,"pct":63.3,"mm":166.4,"rain":3.1,"rainNormal":2.44},"geometry":{"type":"Polygon","coordinates":[[[9.85,37.05967],[9.84961,37.05945],[9.8496,37.05901],[9.84905,37.0588],[9.84876,37.05792],[9.84821,37.05792],[9.84847,37.05659],[9.84792,37.0566],[9.84653,37.0555],[9.84653,37.05506],[9.8446,37.05486],[9.84404,37.05442],[9.84404,37.05398],[9.84349,37.05398],[9.84293,37.05332],[9.8421,37.05311],[9.8421,37.05267],[9.84099,37.05201],[9.84098,37.05157],[9.83713,37.05182],[9.83711,37.05],[9.75,37.05],[9.75,37.15],[9.77398,37.15],[9.7737,37.14957],[9.77315,37.14958],[9.77259,37.14914],[9.77257,37.14759],[9.77285,37.14759],[9.77284,37.14671],[9.77312,37.14671],[9.77311,37.1456],[9.77255,37.14539],[9.77254,37.1445],[9.77282,37.14428],[9.77254,37.14428],[9.77254,37.14384],[9.77198,37.14385],[9.77143,37.14341],[9.77142,37.14253],[9.7717,37.14252],[9.77196,37.1412],[9.77333,37.14075],[9.77332,37.14009],[9.77277,37.13987],[9.77276,37.13921],[9.77221,37.13899],[9.77247,37.137],[9.77191,37.13678],[9.7719,37.13568],[9.77383,37.13545],[9.77437,37.13478],[9.7763,37.13455],[9.77657,37.13388],[9.77684,37.13388],[9.77684,37.13322],[9.77821,37.13233],[9.7782,37.13123],[9.77902,37.13056],[9.77984,37.13055],[9.77984,37.13011],[9.77791,37.1299],[9.77624,37.12837],[9.77541,37.12838],[9.77458,37.12772],[9.77457,37.12684],[9.77401,37.12662],[9.774,37.12507],[9.77372,37.12508],[9.77372,37.12463],[9.77399,37.12463],[9.77371,37.12419],[9.77399,37.12419],[9.77398,37.12331],[9.77371,37.12331],[9.7734,37.12],[9.77312,37.12],[9.7731,37.11802],[9.77282,37.11802],[9.7728,37.11581],[9.77308,37.11581],[9.77307,37.11537],[9.77252,37.11515],[9.7725,37.11361],[9.77223,37.11361],[9.77222,37.11295],[9.76919,37.11275],[9.76863,37.11231],[9.76891,37.11231],[9.7689,37.11187],[9.76973,37.11164],[9.76972,37.11076],[9.77081,37.10987],[9.77108,37.10854],[9.7719,37.1081],[9.77216,37.10677],[9.77243,37.10677],[9.77243,37.10611],[9.77298,37.10588],[9.77297,37.10544],[9.77379,37.10477],[9.77599,37.10454],[9.77682,37.10409],[9.77762,37.10232],[9.77927,37.10143],[9.77953,37.09988],[9.78035,37.09965],[9.78062,37.09921],[9.78117,37.09921],[9.78117,37.09877],[9.78145,37.09876],[9.78143,37.09744],[9.78088,37.097],[9.78005,37.09701],[9.77949,37.09635],[9.77894,37.09635],[9.77893,37.09525],[9.77921,37.09525],[9.7792,37.09436],[9.77947,37.09436],[9.77945,37.09238],[9.77973,37.09238],[9.77972,37.09171],[9.78027,37.09149],[9.78026,37.09105],[9.77944,37.09083],[9.7786,37.08995],[9.77612,37.08997],[9.77612,37.08975],[9.77502,37.08998],[9.77363,37.08866],[9.7728,37.08867],[9.77252,37.08801],[9.77197,37.08801],[9.76975,37.08626],[9.7692,37.08626],[9.76836,37.08561],[9.76835,37.0845],[9.76752,37.08407],[9.76723,37.08208],[9.76612,37.08187],[9.76418,37.08012],[9.76335,37.08012],[9.7628,37.07969],[9.76279,37.07924],[9.76224,37.07903],[9.76223,37.07859],[9.76112,37.07771],[9.76029,37.07749],[9.75998,37.07397],[9.75915,37.07353],[9.75915,37.07287],[9.75804,37.07221],[9.75801,37.06956],[9.75774,37.06957],[9.75773,37.06868],[9.75745,37.06869],[9.75745,37.06802],[9.75717,37.06802],[9.75688,37.06692],[9.75743,37.06648],[9.75826,37.06647],[9.75825,37.06625],[9.76156,37.06601],[9.76265,37.06512],[9.76292,37.06424],[9.76347,37.06423],[9.76346,37.06401],[9.76622,37.06377],[9.76622,37.06399],[9.76704,37.06399],[9.76787,37.06354],[9.76869,37.06354],[9.76978,37.06265],[9.77171,37.06241],[9.77199,37.06263],[9.77198,37.06241],[9.77309,37.06241],[9.77308,37.06218],[9.77363,37.06218],[9.77447,37.06284],[9.77612,37.06283],[9.77667,37.06326],[9.77668,37.06393],[9.77751,37.06436],[9.77806,37.06392],[9.78054,37.06412],[9.78081,37.06368],[9.78163,37.06345],[9.7819,37.06279],[9.78273,37.06278],[9.78272,37.06212],[9.78327,37.06168],[9.78326,37.06123],[9.78409,37.06101],[9.78408,37.06013],[9.78462,37.05968],[9.78545,37.05968],[9.78601,37.06033],[9.78683,37.06033],[9.78739,37.06077],[9.78877,37.06076],[9.78903,37.06009],[9.79041,37.05986],[9.79068,37.0592],[9.7915,37.05897],[9.79206,37.05963],[9.79261,37.05963],[9.79262,37.06029],[9.79207,37.06074],[9.79152,37.06074],[9.79153,37.06162],[9.79044,37.06251],[9.79045,37.06339],[9.791,37.06361],[9.79129,37.06471],[9.79211,37.06493],[9.79212,37.06537],[9.79349,37.06536],[9.79378,37.06602],[9.79433,37.06602],[9.79461,37.06668],[9.79626,37.06689],[9.79654,37.06644],[9.79791,37.06643],[9.7982,37.06731],[9.79958,37.06797],[9.80178,37.06729],[9.80206,37.06839],[9.80234,37.06839],[9.80234,37.06883],[9.80317,37.06883],[9.80318,37.06949],[9.80345,37.06949],[9.80374,37.07037],[9.80429,37.0708],[9.8065,37.07101],[9.80678,37.07145],[9.80788,37.07122],[9.80788,37.07144],[9.80926,37.07143],[9.8098,37.07099],[9.81063,37.07098],[9.81172,37.07031],[9.81227,37.07031],[9.81254,37.06964],[9.81337,37.06942],[9.81336,37.06898],[9.81364,37.06898],[9.81391,37.06831],[9.81996,37.06827],[9.81996,37.06805],[9.82161,37.06782],[9.82216,37.06737],[9.82381,37.06736],[9.82381,37.06758],[9.82574,37.06779],[9.82601,37.06734],[9.82656,37.06734],[9.82656,37.0669],[9.82737,37.06601],[9.8282,37.06578],[9.82847,37.06534],[9.82902,37.06534],[9.82984,37.06445],[9.83149,37.06422],[9.83148,37.064],[9.83314,37.06398],[9.83314,37.06421],[9.83451,37.06398],[9.83452,37.06442],[9.8359,37.06507],[9.83618,37.06573],[9.83729,37.06572],[9.83757,37.06616],[9.83977,37.06592],[9.83977,37.06659],[9.84033,37.06702],[9.84034,37.06835],[9.84255,37.06833],[9.84283,37.06899],[9.84477,37.07052],[9.84532,37.07052],[9.84561,37.07096],[9.84616,37.07095],[9.84671,37.07139],[9.84781,37.07138],[9.84837,37.07182],[9.84892,37.07182],[9.84892,37.0716],[9.84974,37.07159],[9.84974,37.07115],[9.84919,37.07093],[9.84916,37.06895],[9.84971,37.06872],[9.84969,37.06718],[9.85,37.06695],[9.85,37.05967]]]}},{"type":"Feature","properties":{"kind":"section","id":"S22","km2":10.84,"pct":26.7,"mm":189.2,"rain":3.68,"rainNormal":2.42},"geometry":{"type":"Polygon","coordinates":[[[9.35,37.15],[9.25649,37.15005],[9.25815,37.15049],[9.26064,37.15247],[9.26339,37.15269],[9.26367,37.15313],[9.26422,37.15313],[9.2645,37.15379],[9.26505,37.15379],[9.26561,37.15423],[9.26561,37.15467],[9.26643,37.15467],[9.26643,37.15445],[9.26864,37.15466],[9.26947,37.15532],[9.27112,37.15532],[9.27305,37.15421],[9.27332,37.15333],[9.27415,37.15333],[9.2747,37.15266],[9.2758,37.15266],[9.27746,37.15354],[9.27746,37.1542],[9.27774,37.15442],[9.27994,37.15442],[9.28022,37.1553],[9.28464,37.15551],[9.28491,37.15617],[9.28657,37.15639],[9.28657,37.15683],[9.2874,37.15705],[9.2885,37.15793],[9.28851,37.15837],[9.28906,37.15837],[9.28933,37.15881],[9.29126,37.15836],[9.29154,37.15902],[9.29182,37.15902],[9.29182,37.1599],[9.29403,37.16056],[9.29403,37.16122],[9.29458,37.16122],[9.29541,37.16188],[9.29569,37.16276],[9.29652,37.1632],[9.2968,37.16386],[9.2979,37.16386],[9.29818,37.1643],[9.29928,37.16452],[9.29956,37.16496],[9.30177,37.16518],[9.30205,37.16584],[9.30398,37.16649],[9.30426,37.16693],[9.30481,37.16693],[9.30785,37.16935],[9.31006,37.16957],[9.31034,37.17001],[9.31144,37.17001],[9.31144,37.17023],[9.31282,37.17022],[9.31337,37.17066],[9.31889,37.17087],[9.31889,37.16999],[9.31943,37.16954],[9.31943,37.16844],[9.32053,37.168],[9.32053,37.16711],[9.32108,37.16667],[9.32218,37.16667],[9.32356,37.16732],[9.32466,37.1671],[9.32494,37.16644],[9.32604,37.16555],[9.32714,37.16533],[9.32714,37.16467],[9.32768,37.16422],[9.32906,37.164],[9.32934,37.16356],[9.33016,37.16355],[9.33016,37.16333],[9.33099,37.16333],[9.33099,37.16355],[9.33182,37.16355],[9.33265,37.16399],[9.33403,37.16509],[9.33404,37.16641],[9.33541,37.16597],[9.33596,37.16552],[9.33596,37.16508],[9.33706,37.1642],[9.33954,37.16441],[9.33982,37.16507],[9.34037,37.16507],[9.34037,37.16529],[9.34313,37.1655],[9.34313,37.16572],[9.34562,37.16572],[9.34617,37.16616],[9.34755,37.16615],[9.34892,37.16549],[9.34975,37.16548],[9.35,37.16526],[9.35,37.15]]]}},{"type":"Feature","properties":{"kind":"section","id":"S23","km2":22.66,"pct":33.3,"mm":166,"rain":3.55,"rainNormal":2.32},"geometry":{"type":"Polygon","coordinates":[[[9.45,37.15],[9.35,37.15],[9.35,37.16526],[9.35195,37.16504],[9.35223,37.1657],[9.35279,37.16614],[9.35334,37.16614],[9.35361,37.16525],[9.35333,37.16525],[9.35333,37.16415],[9.35305,37.16415],[9.35305,37.16261],[9.35497,37.16128],[9.35607,37.16127],[9.35635,37.16193],[9.3569,37.16193],[9.35746,37.16259],[9.35801,37.16259],[9.35856,37.16325],[9.36077,37.16347],[9.36215,37.16412],[9.36326,37.16412],[9.36381,37.16478],[9.36547,37.165],[9.36657,37.16565],[9.36823,37.16565],[9.36851,37.16609],[9.36906,37.16609],[9.36905,37.16498],[9.3707,37.16366],[9.3718,37.16365],[9.37317,37.1621],[9.37813,37.16165],[9.37813,37.16143],[9.37896,37.16142],[9.37896,37.16186],[9.37979,37.16252],[9.38034,37.16252],[9.38145,37.16362],[9.38366,37.16361],[9.38366,37.16406],[9.38422,37.1645],[9.38532,37.16471],[9.38559,37.16339],[9.38614,37.16339],[9.38696,37.1625],[9.38751,37.1625],[9.38779,37.16206],[9.38861,37.16205],[9.38861,37.16183],[9.39247,37.1616],[9.39495,37.16027],[9.39494,37.15938],[9.39522,37.15938],[9.39577,37.16026],[9.39633,37.16026],[9.39688,37.1607],[9.39688,37.16136],[9.39744,37.1618],[9.40102,37.16223],[9.40324,37.16355],[9.40434,37.16355],[9.40434,37.16377],[9.40765,37.16442],[9.40876,37.16508],[9.40794,37.16574],[9.40794,37.16706],[9.40767,37.16707],[9.40767,37.16773],[9.4074,37.16773],[9.4074,37.16839],[9.40657,37.16861],[9.40658,37.16928],[9.4063,37.1695],[9.4052,37.16972],[9.40465,37.17017],[9.40493,37.17039],[9.40494,37.17171],[9.40466,37.17171],[9.40439,37.17304],[9.40411,37.17304],[9.40412,37.17392],[9.40384,37.17392],[9.40386,37.17635],[9.40358,37.17635],[9.40358,37.17701],[9.40442,37.17767],[9.40662,37.17788],[9.40663,37.17877],[9.40718,37.17898],[9.40718,37.17965],[9.40829,37.18053],[9.40884,37.18052],[9.40967,37.18118],[9.41078,37.18118],[9.41244,37.18272],[9.41492,37.18249],[9.41492,37.18227],[9.41713,37.18226],[9.41713,37.18204],[9.41878,37.18181],[9.41934,37.18247],[9.42099,37.18269],[9.42099,37.18291],[9.42679,37.18311],[9.42707,37.18377],[9.4279,37.18443],[9.4301,37.18442],[9.4301,37.1842],[9.43176,37.18441],[9.43204,37.18508],[9.43259,37.18529],[9.43259,37.18596],[9.43342,37.18595],[9.43453,37.18705],[9.43784,37.18726],[9.43784,37.18748],[9.43895,37.18748],[9.43895,37.1877],[9.43978,37.1877],[9.44061,37.18835],[9.44116,37.18835],[9.44117,37.18946],[9.44172,37.18967],[9.442,37.19078],[9.44366,37.19165],[9.44367,37.19254],[9.44505,37.19363],[9.44505,37.19408],[9.44589,37.19473],[9.44809,37.19495],[9.44893,37.19583],[9.45,37.19604],[9.45,37.15]]]}},{"type":"Feature","properties":{"kind":"section","id":"S24","km2":87.81,"pct":40,"mm":205.7,"rain":3.26,"rainNormal":2.27},"geometry":{"type":"Polygon","coordinates":[[[9.55,37.25],[9.55,37.15],[9.45,37.15],[9.45,37.19604],[9.45141,37.19626],[9.45141,37.1967],[9.45197,37.19714],[9.4517,37.19802],[9.45253,37.1989],[9.45254,37.19978],[9.45364,37.20044],[9.45392,37.20132],[9.45448,37.20132],[9.45503,37.20176],[9.45503,37.2022],[9.45559,37.2022],[9.45586,37.20264],[9.45669,37.20264],[9.4578,37.20352],[9.45918,37.20351],[9.45946,37.20417],[9.46167,37.20438],[9.46168,37.20681],[9.46251,37.20725],[9.46282,37.21232],[9.46337,37.21276],[9.46367,37.21607],[9.46395,37.21607],[9.46395,37.21651],[9.46478,37.21673],[9.46478,37.21761],[9.46561,37.21783],[9.46562,37.21827],[9.46728,37.21937],[9.46728,37.22003],[9.46756,37.22003],[9.46756,37.22069],[9.46591,37.2207],[9.46508,37.22136],[9.46509,37.2218],[9.46426,37.22225],[9.46427,37.22313],[9.46262,37.22424],[9.46262,37.22468],[9.46345,37.2249],[9.46401,37.226],[9.46373,37.226],[9.46373,37.22644],[9.46319,37.22689],[9.46153,37.22734],[9.46154,37.22822],[9.46126,37.22822],[9.46127,37.22932],[9.46182,37.22954],[9.46211,37.23086],[9.46404,37.23174],[9.46405,37.23218],[9.4646,37.2324],[9.4646,37.23284],[9.46488,37.23284],[9.46488,37.23328],[9.46543,37.2335],[9.46544,37.23416],[9.46571,37.23416],[9.46573,37.23681],[9.46463,37.23748],[9.46464,37.23836],[9.46409,37.2388],[9.46326,37.23858],[9.46326,37.2388],[9.46271,37.23881],[9.46299,37.24013],[9.46354,37.24035],[9.46355,37.24079],[9.46521,37.24211],[9.46659,37.24232],[9.46661,37.24453],[9.46688,37.24475],[9.46633,37.24519],[9.46634,37.24608],[9.46552,37.24674],[9.46635,37.2474],[9.4669,37.2474],[9.46773,37.24828],[9.46912,37.24871],[9.47049,37.24738],[9.47104,37.24738],[9.47186,37.24649],[9.47242,37.24649],[9.47324,37.24561],[9.47379,37.2456],[9.47434,37.24494],[9.47489,37.24494],[9.47544,37.24427],[9.47654,37.24427],[9.47709,37.24383],[9.48427,37.24402],[9.48427,37.2438],[9.48537,37.24379],[9.48729,37.24224],[9.48729,37.24158],[9.49032,37.24134],[9.49308,37.23979],[9.49584,37.24],[9.49639,37.24044],[9.49888,37.24065],[9.49888,37.24087],[9.50026,37.24086],[9.50026,37.24064],[9.50136,37.24064],[9.50273,37.23953],[9.50632,37.23929],[9.50632,37.23907],[9.51018,37.23905],[9.51046,37.23949],[9.5124,37.24015],[9.51296,37.24081],[9.51627,37.24123],[9.51628,37.24212],[9.51683,37.24256],[9.51712,37.24366],[9.51767,37.2441],[9.51905,37.24431],[9.51933,37.24519],[9.52017,37.24585],[9.52017,37.24673],[9.521,37.24695],[9.52101,37.24739],[9.52156,37.24761],[9.52156,37.24827],[9.52101,37.24827],[9.52046,37.24872],[9.51853,37.24873],[9.51771,37.24961],[9.5155,37.24962],[9.51495,37.25],[9.55,37.25]]]}},{"type":"Feature","properties":{"kind":"section","id":"S25","km2":97.98,"pct":40,"mm":205.6,"rain":3,"rainNormal":2.23},"geometry":{"type":"Polygon","coordinates":[[[9.65,37.15],[9.55,37.15],[9.55,37.25],[9.64442,37.25],[9.6444,37.24789],[9.64329,37.24701],[9.64329,37.24613],[9.64163,37.2457],[9.64162,37.24503],[9.64107,37.24482],[9.64106,37.24393],[9.64161,37.24349],[9.64216,37.24349],[9.64271,37.24282],[9.64408,37.24259],[9.64545,37.24148],[9.64545,37.24082],[9.64739,37.24235],[9.6485,37.24235],[9.64906,37.24301],[9.65,37.243],[9.65,37.15]]]}},{"type":"Feature","properties":{"kind":"section","id":"S26","km2":63.23,"pct":46.7,"mm":108.3,"rain":2.73,"rainNormal":2.12},"geometry":{"type":"Polygon","coordinates":[[[9.75,37.15],[9.65,37.15],[9.65,37.243],[9.65126,37.243],[9.65127,37.24322],[9.65761,37.24296],[9.659,37.24361],[9.65899,37.24207],[9.65926,37.24207],[9.65926,37.24141],[9.65981,37.24118],[9.6598,37.24074],[9.66063,37.24074],[9.6609,37.24029],[9.66201,37.24029],[9.66283,37.23984],[9.66393,37.23984],[9.66532,37.24093],[9.66643,37.24093],[9.66671,37.24136],[9.66781,37.24158],[9.66836,37.24113],[9.66835,37.23981],[9.66807,37.23981],[9.66806,37.23849],[9.66751,37.23827],[9.66748,37.2354],[9.66914,37.23517],[9.66969,37.23473],[9.66968,37.23429],[9.6716,37.23295],[9.67159,37.23163],[9.67435,37.23139],[9.67545,37.23072],[9.67543,37.22874],[9.67598,37.22851],[9.67597,37.22785],[9.67625,37.22785],[9.67624,37.22697],[9.67679,37.22652],[9.67705,37.22498],[9.67787,37.22453],[9.67787,37.22409],[9.67842,37.22364],[9.67952,37.22364],[9.68034,37.22275],[9.68117,37.22252],[9.68172,37.22296],[9.68255,37.22296],[9.68283,37.2234],[9.68504,37.22383],[9.6856,37.22449],[9.68891,37.2238],[9.69219,37.22114],[9.69219,37.2207],[9.69329,37.22069],[9.69383,37.21958],[9.69494,37.21958],[9.69631,37.21846],[9.69686,37.21846],[9.69713,37.21758],[9.69851,37.21735],[9.69933,37.21668],[9.69932,37.21624],[9.69987,37.21602],[9.69987,37.21557],[9.70042,37.21535],[9.70041,37.21425],[9.69985,37.21403],[9.69984,37.21226],[9.69956,37.21227],[9.69956,37.21182],[9.699,37.21139],[9.70397,37.21158],[9.70424,37.21113],[9.70479,37.21113],[9.70644,37.2098],[9.70615,37.20892],[9.7067,37.20869],[9.70669,37.20781],[9.70697,37.20781],[9.70723,37.20648],[9.70806,37.20626],[9.70915,37.20515],[9.71274,37.2049],[9.71328,37.20446],[9.71411,37.20446],[9.71411,37.20423],[9.71521,37.20423],[9.71549,37.20401],[9.71547,37.20246],[9.71575,37.20246],[9.71602,37.20157],[9.71684,37.20135],[9.71711,37.20091],[9.71767,37.2009],[9.71794,37.20046],[9.71987,37.20045],[9.72123,37.1989],[9.72261,37.19845],[9.72316,37.198],[9.72315,37.19756],[9.72398,37.19733],[9.72397,37.19689],[9.72452,37.19667],[9.72423,37.19535],[9.72534,37.19534],[9.72615,37.19423],[9.72671,37.19423],[9.72917,37.19223],[9.72944,37.19156],[9.73192,37.19133],[9.73191,37.19088],[9.73274,37.19066],[9.73301,37.19],[9.73908,37.19018],[9.73908,37.18996],[9.74046,37.18995],[9.74045,37.18973],[9.74183,37.18972],[9.74265,37.18905],[9.74348,37.18905],[9.74348,37.18883],[9.74403,37.18882],[9.74431,37.18926],[9.74652,37.18925],[9.74652,37.18903],[9.74817,37.18902],[9.74899,37.18857],[9.75,37.18856],[9.75,37.15]]]}},{"type":"Feature","properties":{"kind":"section","id":"S27","km2":5.12,"pct":46.7,"mm":125.3,"rain":2.44,"rainNormal":1.97},"geometry":{"type":"Polygon","coordinates":[[[9.75,37.15],[9.75,37.18856],[9.75092,37.18856],[9.7512,37.18812],[9.75175,37.18811],[9.75174,37.18745],[9.75202,37.18745],[9.75229,37.18678],[9.75312,37.18722],[9.7545,37.18721],[9.75449,37.18633],[9.75504,37.18611],[9.75502,37.18478],[9.75585,37.18456],[9.75583,37.18213],[9.7561,37.18213],[9.75609,37.18146],[9.75554,37.18125],[9.75553,37.18036],[9.7547,37.17993],[9.7547,37.17949],[9.75275,37.1784],[9.75303,37.17795],[9.7544,37.17794],[9.75438,37.17574],[9.75521,37.17529],[9.75518,37.17308],[9.75546,37.17308],[9.75545,37.17242],[9.75987,37.17239],[9.76481,37.17082],[9.76471,37.16044],[9.76526,37.16022],[9.76609,37.16088],[9.76664,37.16087],[9.76719,37.16021],[9.76911,37.15975],[9.76938,37.15909],[9.76966,37.15909],[9.76965,37.15865],[9.77076,37.15864],[9.77076,37.1593],[9.77187,37.15951],[9.77187,37.15974],[9.7738,37.1595],[9.77407,37.15906],[9.776,37.15905],[9.77654,37.15838],[9.77847,37.15793],[9.77846,37.15749],[9.77901,37.15726],[9.77899,37.15528],[9.77816,37.15484],[9.77815,37.15374],[9.77649,37.15353],[9.77649,37.15308],[9.77621,37.15309],[9.77648,37.15242],[9.77483,37.15221],[9.77482,37.15199],[9.77428,37.15222],[9.77398,37.15],[9.75,37.15]]]}},{"type":"Feature","properties":{"kind":"section","id":"S28","km2":6.18,"pct":30,"mm":203.6,"rain":2.82,"rainNormal":2.03},"geometry":{"type":"Polygon","coordinates":[[[9.55,37.25],[9.51495,37.25],[9.5144,37.25051],[9.51414,37.2525],[9.51386,37.2525],[9.51387,37.25316],[9.51359,37.25316],[9.5136,37.25382],[9.51415,37.25426],[9.51418,37.25868],[9.51501,37.25911],[9.51529,37.26],[9.51668,37.26065],[9.51696,37.26153],[9.51807,37.26219],[9.51862,37.26219],[9.51891,37.26417],[9.51919,37.26417],[9.51947,37.26527],[9.52058,37.26527],[9.52141,37.26593],[9.52445,37.26614],[9.52472,37.26569],[9.52583,37.26569],[9.5272,37.26436],[9.5283,37.26435],[9.52941,37.26523],[9.53107,37.26544],[9.53107,37.26566],[9.53135,37.26544],[9.53273,37.26566],[9.53384,37.26653],[9.53881,37.26673],[9.5402,37.26761],[9.54213,37.26782],[9.54297,37.26848],[9.54325,37.26936],[9.54436,37.27002],[9.54436,37.27046],[9.54326,37.27113],[9.54327,37.27311],[9.543,37.27311],[9.54273,37.274],[9.54356,37.27443],[9.54357,37.2751],[9.54412,37.27509],[9.5444,37.27553],[9.54495,37.27553],[9.54578,37.27619],[9.54552,37.27752],[9.54607,37.27773],[9.54607,37.27817],[9.54746,37.27839],[9.54801,37.27905],[9.54939,37.27926],[9.55,37.2786],[9.55,37.25]]]}},{"type":"Feature","properties":{"kind":"section","id":"S29","km2":17.5,"pct":33.3,"mm":187.2,"rain":2.68,"rainNormal":2},"geometry":{"type":"Polygon","coordinates":[[[9.55,37.25],[9.55,37.2786],[9.55077,37.27793],[9.55297,37.27792],[9.55381,37.27836],[9.55795,37.27856],[9.55878,37.279],[9.56072,37.27921],[9.561,37.27965],[9.56182,37.27965],[9.56182,37.27876],[9.56264,37.2781],[9.56319,37.27809],[9.56347,37.27765],[9.5654,37.27786],[9.5654,37.27764],[9.56706,37.27741],[9.56705,37.27719],[9.56954,37.27718],[9.56953,37.27652],[9.57118,37.27541],[9.57118,37.27497],[9.572,37.2743],[9.57311,37.2743],[9.57393,37.27341],[9.57448,37.27341],[9.57448,37.27274],[9.5753,37.27208],[9.57613,37.27207],[9.57695,37.27119],[9.57778,37.27118],[9.57888,37.27052],[9.57971,37.27051],[9.58026,37.27095],[9.58026,37.27051],[9.58081,37.27051],[9.58081,37.27006],[9.58191,37.27006],[9.58191,37.27028],[9.58357,37.27005],[9.58385,37.27049],[9.58495,37.27049],[9.58495,37.27071],[9.58689,37.27048],[9.58689,37.2707],[9.5902,37.27112],[9.59076,37.27156],[9.59076,37.27222],[9.59132,37.27244],[9.59133,37.27332],[9.59244,37.27398],[9.59244,37.27508],[9.59328,37.27552],[9.59328,37.27596],[9.59411,37.27662],[9.59632,37.27683],[9.59661,37.27749],[9.59744,37.27793],[9.59827,37.27792],[9.59854,37.27726],[9.59964,37.27725],[9.60074,37.27637],[9.601,37.27438],[9.60128,37.27438],[9.60127,37.27371],[9.60155,37.27371],[9.60182,37.27283],[9.60291,37.27216],[9.60374,37.27216],[9.60457,37.27149],[9.60456,37.27105],[9.60484,37.27105],[9.60484,37.27061],[9.60539,37.2706],[9.60538,37.26994],[9.60566,37.26972],[9.60759,37.26971],[9.60759,37.27015],[9.60953,37.27014],[9.61036,37.27102],[9.61423,37.27078],[9.61477,37.26945],[9.61421,37.26945],[9.61282,37.26836],[9.61254,37.26682],[9.61198,37.26682],[9.61143,37.26638],[9.61142,37.2655],[9.61087,37.26528],[9.61086,37.26462],[9.61142,37.26484],[9.61169,37.26439],[9.61224,37.26439],[9.61306,37.2635],[9.61389,37.26328],[9.61388,37.26262],[9.61471,37.26261],[9.61471,37.26217],[9.61526,37.26217],[9.61526,37.26195],[9.61636,37.26194],[9.61801,37.26061],[9.618,37.26017],[9.61883,37.26016],[9.61883,37.2595],[9.61938,37.25906],[9.62076,37.25905],[9.62185,37.25816],[9.6221,37.25485],[9.62348,37.25418],[9.62347,37.25308],[9.62319,37.25286],[9.62374,37.25285],[9.62458,37.25351],[9.62625,37.25527],[9.62707,37.25526],[9.62791,37.25592],[9.62819,37.25658],[9.62985,37.25679],[9.63096,37.25767],[9.63372,37.2581],[9.63456,37.25898],[9.63815,37.25918],[9.6387,37.25851],[9.63925,37.25851],[9.63952,37.25785],[9.6409,37.2574],[9.64089,37.25696],[9.64172,37.25629],[9.64227,37.25629],[9.64281,37.25518],[9.64364,37.25473],[9.64363,37.25407],[9.64418,37.25363],[9.64415,37.2501],[9.64442,37.25009],[9.55,37.25]]]}}]}